Rk,Player,Pos,Squad,Age,Born,MP,Starts,Min,90s,Gls,Ast,G+A,G-PK,PK,PKatt,CrdY,CrdR,xG,npxG,xAG,npxG+xAG,PrgC,PrgP,PrgR,Gls,Ast,G+A,G-PK,G+A-PK,xG,xAG,xG+xAG,npxG,npxG+xAG
1,Brenden Aaronson,"FW,MF",Leeds United,25-016,2000,10,7,638,7.1,1,0,1,1,0,0,1,0,1.6,1.6,1.2,2.9,17,20,36,0.14,0,0.14,0.14,0.14,0.23,0.17,0.4,0.23,0.4
2,Joshua Acheampong,DF,Chelsea,19-186,2006,5,4,349,3.9,1,0,1,1,0,0,0,0,0.6,0.6,0,0.6,4,11,0,0.26,0,0.26,0.26,0.26,0.16,0,0.16,0.16,0.16
3,Tyler Adams,MF,Bournemouth,26-266,1999,10,10,862,9.6,1,1,2,1,0,0,4,0,0.4,0.4,0.1,0.5,5,40,6,0.1,0.1,0.21,0.1,0.21,0.04,0.01,0.05,0.04,0.05
4,Tosin Adarabioyo,DF,Chelsea,28-044,1997,7,3,381,4.2,0,0,0,0,0,0,1,0,0,0,0,0,2,15,0,0,0,0,0,0,0.01,0,0.01,0.01,0.01
5,Simon Adingra,FW,Sunderland,23-310,2002,6,4,273,3,0,0,0,0,0,0,1,0,0.1,0.1,0.6,0.7,6,2,33,0,0,0,0,0,0.05,0.2,0.24,0.05,0.24
6,Amine Adli,"FW,MF",Bournemouth,25-181,2000,7,1,189,2.1,0,0,0,0,0,0,0,0,0.1,0.1,0.2,0.3,5,5,19,0,0,0,0,0,0.05,0.08,0.13,0.05,0.13
7,Emmanuel Agbadou,DF,Wolves,28-143,1997,8,6,561,6.2,0,0,0,0,0,0,0,1,0.4,0.4,0.1,0.5,3,26,5,0,0,0,0,0,0.06,0.02,0.08,0.06,0.08
8,Nayef Aguerd,DF,West Ham,29-222,1996,2,2,180,2,0,0,0,0,0,0,0,0,0.1,0.1,0,0.1,2,9,0,0,0,0,0,0,0.05,0,0.05,0.05,0.05
9,Ola Aina,DF,Nott'ham Forest,29-030,1996,3,3,270,3,0,0,0,0,0,0,1,0,0,0,0.1,0.2,5,11,8,0,0,0,0,0,0.01,0.05,0.06,0.01,0.06
10,Rayan Ait-Nouri,DF,Manchester City,24-154,2001,4,3,203,2.3,0,0,0,0,0,0,1,0,0,0,0.2,0.2,7,7,8,0,0,0,0,0,0.02,0.09,0.11,0.02,0.11
11,Kristoffer Ajer,DF,Brentford,27-204,1998,7,4,389,4.3,0,1,1,0,0,0,0,0,0.5,0.5,0.7,1.2,6,15,6,0,0.23,0.23,0,0.23,0.12,0.16,0.27,0.12,0.27
12,Nathan Ake,DF,Manchester City,30-262,1995,5,1,205,2.3,0,0,0,0,0,0,0,0,0.3,0.3,0.1,0.4,4,20,2,0,0,0,0,0,0.12,0.04,0.16,0.12,0.16
13,Carlos Alcaraz,"FW,MF",Everton,22-342,2002,8,2,247,2.7,0,0,0,0,0,0,2,0,0.2,0.2,0,0.3,2,5,13,0,0,0,0,0,0.08,0.01,0.1,0.08,0.1
14,Omar Alderete,DF,Sunderland,28-316,1996,8,7,668,7.4,1,1,2,1,0,0,1,0,0.6,0.6,0.1,0.7,10,31,2,0.13,0.13,0.27,0.13,0.27,0.08,0.01,0.09,0.08,0.09
15,Alisson,GK,Liverpool,33-036,1992,6,6,540,6,0,0,0,0,0,0,0,0,0,0,0,0,0,4,0,0,0,0,0,0,0,0,0,0,0
16,Ethan Ampadu,MF,Leeds United,25-054,2000,8,8,697,7.7,0,0,0,0,0,0,3,0,0.4,0.4,0.1,0.5,11,29,7,0,0,0,0,0,0.05,0.01,0.06,0.05,0.06
17,Joachim Andersen,DF,Fulham,29-160,1996,9,9,761,8.5,0,0,0,0,0,0,0,0,0.5,0.5,0.7,1.2,7,33,4,0,0,0,0,0,0.06,0.08,0.14,0.06,0.14
18,Elliot Anderson,MF,Nott'ham Forest,23-001,2002,10,10,900,10,0,1,1,0,0,0,2,0,0.8,0.8,1.7,2.4,13,89,27,0,0.1,0.1,0,0.1,0.08,0.17,0.24,0.08,0.24
19,Andre,MF,Wolves,24-114,2001,10,7,615,6.8,0,0,0,0,0,0,2,0,0,0,0.1,0.1,7,25,3,0,0,0,0,0,0,0.01,0.02,0,0.02
20,Jaidon Anthony,"MF,FW",Burnley,25-341,1999,10,10,806,9,4,1,5,4,0,0,3,0,2.1,2.1,0.4,2.5,19,12,38,0.45,0.11,0.56,0.45,0.56,0.24,0.04,0.28,0.24,0.28
21,Alphonse Areola,GK,West Ham,32-253,1993,6,6,540,6,0,0,0,0,0,0,0,0,0,0,0,0,0,0,0,0,0,0,0,0,0,0,0,0,0
22,Jhon Arias,FW,Wolves,28-047,1997,10,7,547,6.1,0,0,0,0,0,0,0,0,1,1,0.5,1.5,9,19,30,0,0,0,0,0,0.17,0.07,0.25,0.17,0.25
23,Harrison Armstrong,FW,Everton,18-292,2007,1,0,1,0,0,0,0,0,0,0,0,0,0,0,0,0,0,0,0,0,0,0,0,0,0,0,0,0,0
24,Tolu Arokodare,FW,Wolves,24-349,2000,7,2,211,2.3,0,0,0,0,0,0,0,0,0.4,0.4,0.1,0.6,3,0,10,0,0,0,0,0,0.18,0.06,0.24,0.18,0.24
25,Taiwo Awoniyi,FW,Nott'ham Forest,28-087,1997,3,1,103,1.1,0,0,0,0,0,0,0,0,0.2,0.2,0.1,0.3,1,1,4,0,0,0,0,0,0.16,0.13,0.29,0.16,0.29
26,Yasin Ayari,MF,Brighton,22-032,2003,10,8,782,8.7,1,0,1,1,0,0,0,0,1,1,0.3,1.3,8,30,13,0.12,0,0.12,0.12,0.12,0.11,0.03,0.14,0.11,0.14
27,Benoit Badiashile,DF,Chelsea,24-226,2001,2,1,66,0.7,0,0,0,0,0,0,1,0,0,0,0,0,0,4,0,0,0,0,0,0,0,0,0,0,0
28,Dilane Bakwa,"FW,MF",Nott'ham Forest,23-073,2002,4,2,174,1.9,0,0,0,0,0,0,0,0,0.1,0.1,0.4,0.5,6,9,22,0,0,0,0,0,0.07,0.2,0.27,0.07,0.27
29,Carlos Baleba,MF,Brighton,21-308,2004,10,9,571,6.3,0,0,0,0,0,0,3,0,0.1,0.1,0,0.2,6,10,7,0,0,0,0,0,0.02,0.01,0.03,0.02,0.03
30,Daniel Ballard,DF,Sunderland,26-046,1999,8,5,492,5.5,1,0,1,1,0,0,0,0,0.9,0.9,0.7,1.6,2,13,2,0.18,0,0.18,0.18,0.18,0.16,0.13,0.28,0.16,0.28
31,Ross Barkley,MF,Aston Villa,31-337,1993,4,0,65,0.7,0,0,0,0,0,0,0,0,0.2,0.2,0,0.3,3,6,3,0,0,0,0,0,0.3,0.06,0.37,0.3,0.37
32,Ashley Barnes,FW,Burnley,36-008,1989,1,0,8,0.1,0,0,0,0,0,0,0,0,0,0,0,0,0,0,1,0,0,0,0,0,0,0,0,0,0
33,Harvey Barnes,FW,Newcastle Utd,27-333,1997,10,3,394,4.4,0,0,0,0,0,0,0,0,1,1,0.8,1.8,17,16,44,0,0,0,0,0,0.22,0.19,0.41,0.22,0.41
34,Thierno Barry,FW,Everton,23-017,2002,10,3,308,3.4,0,0,0,0,0,0,1,0,1,1,0,1,2,2,19,0,0,0,0,0,0.29,0.01,0.3,0.29,0.3
35,Calvin Bassey,DF,Fulham,25-311,1999,10,9,819,9.1,0,0,0,0,0,0,2,0,0.2,0.2,0,0.2,11,23,2,0,0,0,0,0,0.02,0,0.02,0.02,0.02
36,Altay Bay?nd?r,GK,Manchester Utd,27-207,1998,6,6,540,6,0,0,0,0,0,0,0,0,0,0,0.2,0.2,0,0,0,0,0,0,0,0,0,0.04,0.04,0,0.04
37,Jean-Ricner Bellegarde,"MF,FW",Wolves,27-133,1998,9,5,408,4.5,0,0,0,0,0,0,1,0,0.3,0.3,0.3,0.6,18,26,14,0,0,0,0,0,0.07,0.07,0.14,0.07,0.14
38,Rodrigo Bentancur,MF,Tottenham,28-135,1997,9,8,645,7.2,1,1,2,1,0,0,1,0,0.3,0.3,0.5,0.9,3,27,13,0.14,0.14,0.28,0.14,0.28,0.05,0.07,0.12,0.05,0.12
39,Sander Berge,MF,Fulham,27-266,1998,10,10,868,9.6,0,0,0,0,0,0,2,0,0.6,0.6,0.5,1,13,48,5,0,0,0,0,0,0.06,0.05,0.11,0.06,0.11
40,Lucas Bergvall,"MF,FW",Tottenham,19-278,2006,9,5,413,4.6,1,1,2,1,0,0,1,0,0.6,0.6,0.3,0.8,9,20,24,0.22,0.22,0.44,0.22,0.44,0.12,0.06,0.18,0.12,0.18
41,Beto,FW,Everton,27-280,1998,10,7,597,6.6,1,0,1,1,0,0,1,0,3.9,3.9,0.4,4.3,2,2,27,0.15,0,0.15,0.15,0.15,0.59,0.06,0.65,0.59,0.65
42,Jaka Bijol,DF,Leeds United,26-275,1999,2,2,180,2,0,0,0,0,0,0,0,0,0,0,0.1,0.1,0,2,0,0,0,0,0,0,0,0.04,0.04,0,0.04
43,Marco Bizot,GK,Aston Villa,34-242,1991,2,2,180,2,0,0,0,0,0,0,1,0,0,0,0,0,0,1,0,0,0,0,0,0,0,0,0,0,0
44,Oscar Bobb,"MF,FW",Manchester City,22-118,2003,8,5,454,5,0,1,1,0,0,0,0,0,0.4,0.4,0.6,1,16,17,52,0,0.2,0.2,0,0.2,0.07,0.13,0.2,0.07,0.2
45,Lamare Bogarde,MF,Aston Villa,21-306,2004,6,3,281,3.1,0,0,0,0,0,0,1,0,0,0,0,0,3,8,2,0,0,0,0,0,0,0.01,0.01,0,0.01
46,Jayden Bogle,DF,Leeds United,25-103,2000,10,10,868,9.6,0,0,0,0,0,0,2,0,0.7,0.7,0.2,0.9,22,24,43,0,0,0,0,0,0.07,0.02,0.09,0.07,0.09
47,Sven Botman,DF,Newcastle Utd,25-299,2000,8,7,552,6.1,0,0,0,0,0,0,0,0,0.1,0.1,0.6,0.7,1,19,2,0,0,0,0,0,0.02,0.09,0.11,0.02,0.11
48,Jarrod Bowen,"FW,MF",West Ham,28-322,1996,10,10,900,10,3,1,4,3,0,0,0,0,1.3,1.3,1.8,3.1,32,20,76,0.3,0.1,0.4,0.3,0.4,0.13,0.18,0.31,0.13,0.31
49,Conor Bradley,DF,Liverpool,22-121,2003,8,6,448,5,0,0,0,0,0,0,3,0,0.1,0.1,0,0.1,16,22,21,0,0,0,0,0,0.02,0,0.02,0.02,0.02
50,Brian Brobbey,FW,Sunderland,23-279,2002,5,0,84,0.9,0,1,1,0,0,0,0,0,0,0,0.1,0.1,2,2,3,0,1.07,1.07,0,1.07,0,0.12,0.12,0,0.12
51,Armando Broja,FW,Burnley,24-058,2001,4,0,60,0.7,0,0,0,0,0,0,0,0,0,0,0,0,0,0,2,0,0,0,0,0,0,0,0,0,0
52,David Brooks,"FW,MF",Bournemouth,28-122,1997,9,7,537,6,0,1,1,0,0,0,3,0,1,1,1.5,2.5,17,18,56,0,0.17,0.17,0,0.17,0.16,0.26,0.42,0.16,0.42
53,Jacob Bruun Larsen,"FW,MF",Burnley,27-049,1998,8,4,392,4.4,0,1,1,0,0,0,0,0,0.1,0.1,0.6,0.7,7,7,29,0,0.23,0.23,0,0.23,0.03,0.14,0.17,0.03,0.17
54,Emi Buendia,"FW,MF",Aston Villa,28-317,1996,8,3,357,4,2,2,4,2,0,0,2,0,0.7,0.7,0.5,1.2,12,24,13,0.5,0.5,1.01,0.5,1.01,0.18,0.12,0.3,0.18,0.3
55,Hugo Bueno,"DF,MF",Wolves,23-050,2002,10,7,704,7.8,0,0,0,0,0,0,1,0,0.2,0.2,1,1.2,27,20,48,0,0,0,0,0,0.03,0.13,0.15,0.03,0.15
56,Santiago Bueno,DF,Wolves,26-363,1998,7,6,575,6.4,1,0,1,1,0,0,2,0,0.8,0.8,0.1,0.9,4,21,1,0.16,0,0.16,0.16,0.16,0.13,0.01,0.13,0.13,0.13
57,Facundo Buonanotte,MF,Chelsea,20-319,2004,1,1,45,0.5,0,0,0,0,0,0,0,0,0,0,0.3,0.3,0,0,5,0,0,0,0,0,0,0.51,0.51,0,0.51
58,Dan Burn,DF,Newcastle Utd,33-182,1992,10,10,900,10,0,1,1,0,0,0,3,0,0.1,0.1,0.1,0.2,3,31,19,0,0.1,0.1,0,0.1,0.01,0.01,0.02,0.01,0.02
59,Bradley Burrowes,DF,Aston Villa,17-248,2008,1,0,17,0.2,0,0,0,0,0,0,0,0,0,0,0,0,1,0,4,0,0,0,0,0,0,0,0,0,0
60,Sam Byram,DF,Leeds United,32-052,1993,1,0,8,0.1,0,0,0,0,0,0,0,0,0,0,0,0,0,0,0,0,0,0,0,0,0,0,0,0,0
61,Moises Caicedo,MF,Chelsea,24-005,2001,10,9,855,9.5,3,1,4,3,0,0,1,0,0.6,0.6,0.9,1.5,8,54,6,0.32,0.11,0.42,0.32,0.42,0.06,0.1,0.15,0.06,0.15
62,Tom Cairney,MF,Fulham,34-291,1991,7,1,203,2.3,0,0,0,0,0,0,1,0,0.4,0.4,0,0.4,2,14,3,0,0,0,0,0,0.18,0.02,0.2,0.18,0.2
63,Riccardo Calafiori,DF,Arsenal,23-172,2002,10,10,766,8.5,1,2,3,1,0,0,3,0,2,2,0.5,2.5,19,32,37,0.12,0.23,0.35,0.12,0.35,0.23,0.06,0.29,0.23,0.29
64,Dominic Calvert-Lewin,FW,Leeds United,28-236,1997,8,7,597,6.6,1,0,1,1,0,0,0,0,1.8,1.8,0.9,2.7,6,7,29,0.15,0,0.15,0.15,0.15,0.27,0.14,0.41,0.27,0.41
65,Jaydee Canvot,DF,Crystal Palace,19-101,2006,1,0,1,0,0,0,0,0,0,0,0,0,0,0,0,0,0,0,0,0,0,0,0,0,0,0,0,0,0
66,Fabio Carvalho,"FW,MF",Brentford,23-069,2002,6,1,102,1.1,1,0,1,1,0,0,0,0,0.7,0.7,0,0.7,2,2,6,0.88,0,0.88,0.88,0.88,0.62,0,0.62,0.62,0.62
67,Casemiro,MF,Manchester Utd,33-257,1992,9,8,543,6,3,1,4,3,0,0,5,1,1.3,1.3,0.7,2,1,29,9,0.5,0.17,0.66,0.5,0.66,0.22,0.11,0.33,0.22,0.33
68,Matty Cash,DF,Aston Villa,28-092,1997,10,10,876,9.7,2,0,2,2,0,0,3,0,0.2,0.2,0.7,0.9,15,38,44,0.21,0,0.21,0.21,0.21,0.02,0.07,0.09,0.02,0.09
69,Timothy Castagne,"DF,FW",Fulham,29-337,1995,7,5,398,4.4,0,0,0,0,0,0,0,0,0.4,0.4,0.2,0.6,5,9,20,0,0,0,0,0,0.1,0.04,0.13,0.1,0.13
70,Trevoh Chalobah,DF,Chelsea,26-125,1999,9,9,750,8.3,2,0,2,2,0,0,2,1,0.7,0.7,0.1,0.8,9,30,0,0.24,0,0.24,0.24,0.24,0.09,0.01,0.1,0.09,0.1
71,Rayan Cherki,"MF,FW",Manchester City,22-082,2003,5,2,164,1.8,1,2,3,1,0,0,0,0,0.5,0.5,1.6,2.1,5,13,8,0.55,1.1,1.65,0.55,1.65,0.28,0.87,1.15,0.28,1.15
72,Federico Chiesa,"FW,MF",Liverpool,28-013,1997,7,0,117,1.3,2,1,3,2,0,0,1,0,0.9,0.9,0.9,1.8,3,6,11,1.54,0.77,2.31,1.54,2.31,0.66,0.71,1.38,0.66,1.38
73,Ryan Christie,MF,Bournemouth,30-258,1995,8,1,206,2.3,1,0,1,1,0,0,1,0,0.8,0.8,0,0.9,4,13,6,0.44,0,0.44,0.44,0.44,0.37,0.01,0.38,0.37,0.38
74,Samuel Chukwueze,"FW,MF",Fulham,26-169,1999,3,0,49,0.5,0,1,1,0,0,0,0,0,0.6,0.6,0.5,1,4,2,8,0,1.84,1.84,0,1.84,1.07,0.83,1.91,1.07,1.91
75,Nathaniel Clyne,DF,Crystal Palace,34-216,1991,1,0,5,0.1,0,0,0,0,0,0,0,0,0,0,0,0,0,0,0,0,0,0,0,0,0,0,0,0,0
76,Seamus Coleman,FW,Everton,37-027,1988,2,0,2,0,0,0,0,0,0,0,0,0,0,0,0,0,0,0,0,0,0,0,0,0,0,0,0,0,0
77,Nathan Collins,DF,Brentford,24-191,2001,10,10,900,10,0,0,0,0,0,0,4,0,0.3,0.3,0.5,0.8,2,19,1,0,0,0,0,0,0.03,0.05,0.08,0.03,0.08
78,Lewis Cook,"DF,MF",Bournemouth,28-277,1997,4,0,35,0.4,0,0,0,0,0,0,0,0,0,0,0.1,0.1,0,5,0,0,0,0,0,0,0,0.13,0.13,0,0.13
79,Diego Coppola,DF,Brighton,21-314,2003,3,0,18,0.2,0,0,0,0,0,0,0,0,0,0,0,0,0,2,0,0,0,0,0,0,0,0,0,0,0
80,Marc Cucurella,DF,Chelsea,27-108,1998,10,9,806,9,0,2,2,0,0,0,2,0,0.4,0.4,1.5,1.9,15,37,31,0,0.22,0.22,0,0.22,0.04,0.17,0.21,0.04,0.21
81,Jorge Cuenca,DF,Fulham,25-355,1999,3,2,169,1.9,0,0,0,0,0,0,0,0,0,0,0,0,0,2,0,0,0,0,0,0,0,0,0,0,0
82,Josh Cullen,MF,Burnley,29-214,1996,10,10,852,9.5,1,1,2,1,0,0,1,0,0.2,0.2,0.8,1,2,46,6,0.11,0.11,0.21,0.11,0.21,0.02,0.08,0.11,0.02,0.11
83,Jair Cunha,DF,Nott'ham Forest,20-245,2005,1,1,90,1,0,0,0,0,0,0,0,0,0,0,0,0,0,1,0,0,0,0,0,0,0,0,0,0,0
84,Matheus Cunha,"MF,FW",Manchester Utd,26-164,1999,9,7,612,6.8,1,0,1,1,0,0,0,0,1.5,1.5,0.6,2.2,19,25,30,0.15,0,0.15,0.15,0.15,0.23,0.09,0.32,0.23,0.32
85,Diogo Dalot,DF,Manchester Utd,26-234,1999,8,7,583,6.5,0,1,1,0,0,0,0,0,0.1,0.1,1,1.1,16,15,40,0,0.15,0.15,0,0.15,0.01,0.16,0.17,0.01,0.17
86,Mikkel Damsgaard,MF,Brentford,25-127,2000,8,8,633,7,1,1,2,1,0,0,0,0,0.5,0.5,1.4,1.9,15,33,28,0.14,0.14,0.28,0.14,0.28,0.07,0.2,0.28,0.07,0.28
87,Kevin Danso,DF,Tottenham,27-049,1998,6,3,257,2.9,0,0,0,0,0,0,2,0,0,0,0,0,1,11,0,0,0,0,0,0,0,0,0,0,0
88,Karl Darlow,GK,Leeds United,35-030,1990,5,5,450,5,0,0,0,0,0,0,0,0,0,0,0,0,0,1,0,0,0,0,0,0,0,0,0,0,0
89,Maxim De Cuyper,DF,Brighton,24-320,2000,8,5,409,4.5,1,0,1,1,0,0,1,0,0.7,0.7,0.4,1.1,4,19,13,0.22,0,0.22,0.22,0.22,0.16,0.08,0.24,0.16,0.24
90,Liam Delap,FW,Chelsea,22-272,2003,3,2,92,1,0,0,0,0,0,0,0,0,0.2,0.2,0,0.2,2,3,4,0,0,0,0,0,0.22,0,0.22,0.22,0.22
91,Sepp van den Berg,DF,Brentford,23-322,2001,10,10,900,10,0,0,0,0,0,0,0,0,1,1,0.1,1.1,4,18,6,0,0,0,0,0,0.1,0.01,0.11,0.1,0.11
92,Justin Devenny,"MF,FW",Crystal Palace,22-027,2003,8,1,162,1.8,0,0,0,0,0,0,0,0,0.4,0.4,0.1,0.5,5,5,9,0,0,0,0,0,0.24,0.07,0.3,0.24,0.3
93,Kiernan Dewsbury-Hall,MF,Everton,27-062,1998,9,9,797,8.9,1,1,2,1,0,0,5,0,0.7,0.7,2.3,3,12,46,35,0.11,0.11,0.23,0.11,0.23,0.08,0.26,0.34,0.08,0.34
94,Bafod Diakit,DF,Bournemouth,24-305,2001,8,8,720,8,0,0,0,0,0,0,1,0,0,0,0.1,0.1,1,21,2,0,0,0,0,0,0,0.02,0.02,0,0.02
95,Amad Diallo,"DF,MF",Manchester Utd,23-119,2002,9,8,664,7.4,1,1,2,1,0,0,1,0,2.1,2.1,1.2,3.3,40,32,61,0.14,0.14,0.27,0.14,0.27,0.28,0.17,0.45,0.28,0.45
96,Habib Diarra,MF,Sunderland,21-308,2004,4,4,345,3.8,0,0,0,0,0,0,1,0,0.6,0.6,0,0.6,10,13,17,0,0,0,0,0,0.15,0.01,0.16,0.15,0.16
97,Ruben Dias,DF,Manchester City,28-177,1997,10,9,816,9.1,0,0,0,0,0,0,0,0,0.1,0.1,0,0.2,9,30,0,0,0,0,0,0,0.01,0,0.02,0.01,0.02
98,Tyler Dibling,FW,Everton,19-240,2006,4,1,65,0.7,0,0,0,0,0,0,1,0,0,0,0,0,2,0,5,0,0,0,0,0,0,0,0,0,0
99,Lucas Digne,DF,Aston Villa,32-110,1993,10,9,728,8.1,0,2,2,0,0,0,2,0,0.3,0.3,0.7,1,10,17,56,0,0.25,0.25,0,0.25,0.04,0.09,0.13,0.04,0.13
100,Issa Diop,DF,Fulham,28-302,1997,3,2,224,2.5,0,0,0,0,0,0,1,0,0,0,0,0,1,7,0,0,0,0,0,0,0,0,0,0,0
101,El Hadji Malick Diouf,DF,West Ham,20-314,2004,10,9,855,9.5,0,3,3,0,0,0,1,0,0.2,0.2,0.7,1,13,28,42,0,0.32,0.32,0,0.32,0.02,0.08,0.1,0.02,0.1
102,Matt Doherty,DF,Wolves,33-295,1992,4,4,291,3.2,0,0,0,0,0,0,3,0,0.1,0.1,0.1,0.1,1,9,3,0,0,0,0,0,0.02,0.02,0.04,0.02,0.04
103,Jeremy Doku,"MF,FW",Manchester City,23-164,2002,10,6,548,6.1,0,3,3,0,0,0,0,0,0.9,0.9,3.5,4.4,63,29,71,0,0.49,0.49,0,0.49,0.15,0.57,0.72,0.15,0.72
104,Nicolas Domenguez,"MF,FW",Nott'ham Forest,27-132,1998,2,1,53,0.6,0,0,0,0,0,0,1,0,0,0,0,0,0,6,1,0,0,0,0,0,0,0.04,0.04,0,0.04
105,Gianluigi Donnarumma,GK,Manchester City,26-255,1999,7,7,630,7,0,0,0,0,0,0,2,0,0,0,0,0,0,0,0,0,0,0,0,0,0,0,0,0,0
106,Patrick Dorgu,DF,Manchester Utd,21-012,2004,9,5,547,6.1,0,1,1,0,0,0,3,0,0.5,0.5,0.9,1.4,18,8,45,0,0.16,0.16,0,0.16,0.09,0.15,0.24,0.09,0.24
107,Max Dowman,FW,Arsenal,15-311,2009,2,0,29,0.3,0,0,0,0,0,0,0,0,0.1,0.1,0,0.1,4,0,6,0,0,0,0,0,0.43,0,0.43,0.43,0.43
108,Martin Dobravka,GK,Burnley,36-296,1989,10,10,900,10,0,0,0,0,0,0,0,0,0,0,0,0,0,0,0,0,0,0,0,0,0,0,0,0,0
109,Lewis Dunk,DF,Brighton,33-351,1991,10,10,900,10,0,0,0,0,0,0,3,0,0.6,0.6,0,0.6,5,34,1,0,0,0,0,0,0.06,0,0.06,0.06,0.06
110,Odsonne Odouard,FW,Crystal Palace,27-295,1998,1,0,3,0,0,0,0,0,0,0,0,0,0,0,0,0,0,0,0,0,0,0,0,0,0,0,0,0,0
111,Marcus Edwards,"MF,FW",Burnley,26-339,1998,2,0,14,0.2,0,0,0,0,0,0,0,0,0.1,0.1,0,0.1,1,1,2,0,0,0,0,0,0.36,0,0.36,0.36,0.36
112,Hjalmar Ekdal,DF,Burnley,27-017,1998,7,6,533,5.9,0,0,0,0,0,0,0,0,0.2,0.2,0.1,0.3,1,6,0,0,0,0,0,0,0.03,0.02,0.06,0.03,0.06
113,Hugo Ekitike,FW,Liverpool,23-140,2002,9,7,577,6.4,3,1,4,3,0,0,0,0,2.3,2.3,0.4,2.8,10,10,32,0.47,0.16,0.62,0.47,0.62,0.37,0.07,0.43,0.37,0.43
114,Anthony Elanga,"FW,MF",Newcastle Utd,23-194,2002,10,4,403,4.5,0,0,0,0,0,0,0,0,0.8,0.8,0.6,1.4,17,7,61,0,0,0,0,0,0.18,0.14,0.31,0.18,0.31
115,Harvey Elliott,"MF,FW",Liverpool,22-217,2003,1,0,1,0,0,0,0,0,0,0,0,0,0,0,0,0,0,0,1,0,0,0,0,0,0,0,0,0,0
116,Harvey Elliott,"MF,FW",Aston Villa,22-217,2003,3,1,98,1.1,0,0,0,0,0,0,0,0,0.2,0.2,0,0.2,3,5,11,0,0,0,0,0,0.17,0,0.17,0.17,0.17
117,Wataru Endo,"MF,DF",Liverpool,32-271,1993,4,0,39,0.4,0,1,1,0,0,0,1,0,0,0,0.1,0.1,2,1,0,0,2.31,2.31,0,2.31,0,0.25,0.25,0,0.25
118,Romain Esse,FW,Crystal Palace,20-178,2005,1,0,25,0.3,0,0,0,0,0,0,0,0,0,0,0,0,0,2,3,0,0,0,0,0,0,0,0,0,0
119,Maxime Esteve,DF,Burnley,23-165,2002,10,10,891,9.9,0,0,0,0,0,0,0,0,0.2,0.2,0.3,0.5,3,20,1,0,0,0,0,0,0.02,0.03,0.05,0.02,0.05
120,Evanilson,FW,Bournemouth,26-032,1999,8,7,645,7.2,1,0,1,1,0,0,1,0,1.3,1.3,0.8,2,4,7,21,0.14,0,0.14,0.14,0.14,0.18,0.11,0.28,0.18,0.28
121,Eberechi Eze,"MF,FW",Arsenal,27-131,1998,8,6,531,5.9,1,2,3,1,0,0,0,0,1.3,1.3,0.8,2.1,14,29,33,0.17,0.34,0.51,0.17,0.51,0.22,0.13,0.35,0.22,0.35
122,Eberechi Eze,MF,Crystal Palace,27-131,1998,1,1,83,0.9,0,0,0,0,0,0,0,0,0.2,0.2,0,0.2,0,1,2,0,0,0,0,0,0.26,0,0.26,0.26,0.26
123,Bruno Fernandes,MF,Manchester Utd,31-060,1994,10,10,890,9.9,2,2,4,1,1,3,2,0,4.4,2,2.2,4.2,15,80,29,0.2,0.2,0.4,0.1,0.3,0.45,0.22,0.67,0.21,0.43
124,Mateus Fernandes,"MF,FW",West Ham,21-120,2004,8,7,553,6.1,1,1,2,1,0,0,0,0,0.5,0.5,0.6,1.1,9,20,10,0.16,0.16,0.33,0.16,0.33,0.08,0.11,0.19,0.08,0.19
125,Enzo Fernandez,MF,Chelsea,24-294,2001,9,9,798,8.9,3,1,4,2,1,1,2,0,4.4,3.6,2,5.6,12,67,39,0.34,0.11,0.45,0.23,0.34,0.49,0.23,0.72,0.4,0.63
126,Zian Flemming,"FW,MF",Burnley,27-098,1998,7,3,277,3.1,2,0,2,2,0,0,1,0,0.9,0.9,0.2,1.1,1,1,12,0.65,0,0.65,0.65,0.65,0.3,0.06,0.36,0.3,0.36
127,Phil Foden,MF,Manchester City,25-163,2000,8,7,622,6.9,1,1,2,1,0,0,3,0,1.1,1.1,1.2,2.3,13,32,37,0.14,0.14,0.29,0.14,0.29,0.16,0.17,0.34,0.16,0.34
128,Wesley Fofana,DF,Chelsea,24-325,2000,4,3,218,2.4,0,0,0,0,0,0,0,0,0,0,0,0,3,5,1,0,0,0,0,0,0,0,0,0,0
129,Lyle Foster,FW,Burnley,25-065,2000,8,7,579,6.4,2,1,3,2,0,0,2,0,1.3,1.3,0.7,2,7,6,32,0.31,0.16,0.47,0.31,0.47,0.21,0.1,0.31,0.21,0.31
130,Jeremie Frimpong,"DF,MF",Liverpool,24-332,2000,4,1,86,1,0,0,0,0,0,0,0,0,0.1,0.1,0.3,0.4,4,3,10,0,0,0,0,0,0.08,0.31,0.39,0.08,0.39
131,Niclas Fullkrug,FW,West Ham,32-271,1993,6,5,379,4.2,0,0,0,0,0,0,0,0,0.8,0.8,0.6,1.3,1,5,15,0,0,0,0,0,0.19,0.13,0.32,0.19,0.32
132,Cody Gakpo,"FW,MF",Liverpool,26-184,1999,10,9,794,8.8,3,2,5,3,0,0,0,0,2.9,2.9,2.9,5.8,37,30,94,0.34,0.23,0.57,0.34,0.57,0.33,0.33,0.66,0.33,0.66
133,Idrissa Gana Gueye,MF,Everton,36-042,1989,10,10,859,9.5,1,0,1,1,0,0,0,0,0.8,0.8,0.2,1,4,45,12,0.1,0,0.1,0.1,0.1,0.09,0.02,0.11,0.09,0.11
134,Ben Gannon-Doak,FW,Bournemouth,19-361,2005,4,0,57,0.6,0,1,1,0,0,0,0,0,0.1,0.1,0.6,0.7,4,1,10,0,1.58,1.58,0,1.58,0.14,0.91,1.04,0.14,1.04
135,Alejandro Garnacho,FW,Chelsea,21-129,2004,5,4,253,2.8,1,0,1,1,0,0,0,0,0.3,0.3,0.8,1.2,24,2,39,0.36,0,0.36,0.36,0.36,0.11,0.3,0.41,0.11,0.41
136,James Garner,"MF,DF",Everton,24-239,2001,10,10,900,10,1,1,2,1,0,0,4,0,0.8,0.8,0.9,1.7,12,50,15,0.1,0.1,0.2,0.1,0.2,0.08,0.09,0.17,0.08,0.17
137,Lutsharel Geertruida,DF,Sunderland,25-112,2000,7,2,257,2.9,0,0,0,0,0,0,0,0,0.7,0.7,0,0.7,4,6,0,0,0,0,0,0,0.24,0,0.24,0.24,0.24
138,Tyrique George,FW,Chelsea,19-276,2006,4,0,145,1.6,0,0,0,0,0,0,2,0,0.3,0.3,0,0.3,1,4,10,0,0,0,0,0,0.2,0,0.2,0.2,0.2
139,Morgan Gibbs-White,"MF,FW",Nott'ham Forest,25-284,2000,10,9,819,9.1,1,1,2,1,0,0,0,0,1.9,1.9,0.7,2.6,22,63,74,0.11,0.11,0.22,0.11,0.22,0.21,0.07,0.29,0.21,0.29
140,Jamie Gittens,FW,Chelsea,21-091,2004,8,2,246,2.7,0,0,0,0,0,0,0,0,0.6,0.6,0.2,0.8,14,6,24,0,0,0,0,0,0.23,0.07,0.3,0.23,0.3
141,Wilfried Gnonto,FW,Leeds United,22-002,2003,4,3,192,2.1,0,0,0,0,0,0,1,0,0.2,0.2,0.1,0.3,4,4,14,0,0,0,0,0,0.08,0.04,0.12,0.08,0.12
142,Joao Gomes,MF,Wolves,24-268,2001,10,8,745,8.3,0,0,0,0,0,0,3,0,0.4,0.4,0.2,0.6,9,51,13,0,0,0,0,0,0.04,0.03,0.07,0.04,0.07
143,Rodrigo Gomes,"FW,DF",Wolves,22-123,2003,6,4,331,3.7,1,0,1,1,0,0,0,0,1,1,0.1,1.1,13,7,37,0.27,0,0.27,0.27,0.27,0.26,0.04,0.3,0.26,0.3
144,Toti Gomes,DF,Wolves,26-295,1999,7,6,435,4.8,0,0,0,0,0,0,2,1,0,0,0.1,0.2,5,11,1,0,0,0,0,0,0.01,0.02,0.03,0.01,0.03
145,Diego Gomez,"MF,FW",Brighton,22-225,2003,9,5,457,5.1,2,0,2,2,0,0,2,0,1.6,1.6,0.7,2.4,5,12,20,0.39,0,0.39,0.39,0.39,0.32,0.15,0.47,0.32,0.47
146,Joe Gomez,DF,Liverpool,28-168,1997,3,0,39,0.4,0,0,0,0,0,0,0,0,0.1,0.1,0,0.1,0,1,1,0,0,0,0,0,0.3,0,0.3,0.3,0.3
147,Nicolas Gonzalez,MF,Manchester City,23-308,2002,9,5,558,6.2,0,0,0,0,0,0,2,0,0.2,0.2,0.4,0.6,9,35,7,0,0,0,0,0,0.04,0.06,0.1,0.04,0.1
148,Anthony Gordon,FW,Newcastle Utd,24-256,2001,7,7,458,5.1,0,0,0,0,0,0,0,1,1.4,1.4,1,2.4,21,16,38,0,0,0,0,0,0.27,0.19,0.46,0.27,0.46
149,Ryan Gravenberch,MF,Liverpool,23-175,2002,8,8,691,7.7,3,1,4,3,0,0,2,0,0.6,0.6,0.7,1.3,21,42,20,0.39,0.13,0.52,0.39,0.52,0.08,0.09,0.17,0.08,0.17
150,Archie Gray,MF,Tottenham,19-240,2006,2,1,72,0.8,0,0,0,0,0,0,0,0,0,0,0,0,2,7,0,0,0,0,0,0,0,0.03,0.03,0,0.03
151,Jack Grealish,FW,Everton,30-058,1995,9,8,736,8.2,1,4,5,1,0,0,3,0,1.1,1.1,3.1,4.2,60,36,77,0.12,0.49,0.61,0.12,0.61,0.14,0.38,0.51,0.14,0.51
152,Brajan Gruda,"MF,FW",Brighton,21-160,2004,7,2,223,2.5,1,1,2,1,0,0,0,0,1.4,1.4,0.5,1.9,8,6,26,0.4,0.4,0.81,0.4,0.81,0.57,0.18,0.75,0.57,0.75
153,Ilia Gruev,MF,Leeds United,25-185,2000,5,2,213,2.4,0,0,0,0,0,0,1,0,0,0,0,0,0,7,0,0,0,0,0,0,0,0,0,0,0
154,Gabriel Gudmundsson,DF,Leeds United,26-192,1999,10,10,830,9.2,0,0,0,0,0,0,1,0,0.2,0.2,1.4,1.5,27,29,33,0,0,0,0,0,0.02,0.15,0.17,0.02,0.17
155,Marc Guhi,DF,Crystal Palace,25-117,2000,10,10,900,10,1,1,2,1,0,0,0,0,0.9,0.9,1.1,2,9,46,4,0.1,0.1,0.2,0.1,0.2,0.09,0.11,0.2,0.09,0.2
156,Evann Guessand,FW,Aston Villa,24-129,2001,9,5,418,4.6,0,0,0,0,0,0,0,0,0.4,0.4,0,0.4,11,8,26,0,0,0,0,0,0.08,0.01,0.09,0.08,0.09
157,Luis Guilherme,"FW,MF",West Ham,19-271,2006,3,0,57,0.6,0,0,0,0,0,0,0,0,0.1,0.1,0,0.1,0,0,3,0,0,0,0,0,0.11,0,0.11,0.11,0.11
158,Bruno Guimares,MF,Newcastle Utd,27-356,1997,9,9,805,8.9,3,1,4,3,0,0,3,0,1.5,1.5,0.6,2.1,10,68,23,0.34,0.11,0.45,0.34,0.45,0.17,0.07,0.23,0.17,0.23
159,Marc Guiu,FW,Sunderland,19-307,2006,2,0,15,0.2,0,0,0,0,0,0,0,0,0,0,0,0,0,1,1,0,0,0,0,0,0.14,0,0.14,0.14,0.14
160,Marc Guiu,FW,Chelsea,19-307,2006,3,1,136,1.5,0,0,0,0,0,0,0,0,0.6,0.6,0,0.6,1,1,6,0,0,0,0,0,0.39,0,0.39,0.39,0.39
161,Malo Gusto,"DF,MF",Chelsea,22-172,2003,8,5,476,5.3,0,1,1,0,0,0,2,1,0.1,0.1,0.5,0.6,11,27,27,0,0.19,0.19,0,0.19,0.01,0.1,0.11,0.01,0.11
162,Joako Gvardiol,DF,Manchester City,23-288,2002,6,6,519,5.8,0,1,1,0,0,0,0,0,0.2,0.2,0.3,0.5,7,34,0,0,0.17,0.17,0,0.17,0.03,0.05,0.08,0.03,0.08
163,Viktor Gyokeres,FW,Arsenal,27-156,1998,10,10,800,8.9,4,0,4,3,1,1,1,0,4.6,3.8,1,4.8,8,11,51,0.45,0,0.45,0.34,0.34,0.51,0.12,0.63,0.42,0.54
164,Erling Haaland,FW,Manchester City,25-109,2000,10,10,854,9.5,13,1,14,13,0,0,0,0,10.2,10.2,1.1,11.4,22,6,33,1.37,0.11,1.48,1.37,1.48,1.08,0.12,1.2,1.08,1.2
165,Lewis Hall,DF,Newcastle Utd,21-060,2004,3,1,135,1.5,0,0,0,0,0,0,0,0,0,0,0,0,0,9,7,0,0,0,0,0,0.02,0,0.02,0.02,0.02
166,Jack Harrison,FW,Leeds United,28-352,1996,9,1,259,2.9,0,0,0,0,0,0,0,0,0.3,0.3,0.4,0.7,8,8,16,0,0,0,0,0,0.1,0.14,0.23,0.1,0.23
167,Quilindschy Hartman,DF,Burnley,23-358,2001,10,10,897,10,0,4,4,0,0,0,1,0,0.1,0.1,1.2,1.4,3,27,26,0,0.4,0.4,0,0.4,0.01,0.13,0.14,0.01,0.14
168,Jorrel Hato,DF,Chelsea,19-245,2006,4,2,168,1.9,0,0,0,0,0,0,2,0,0,0,0,0,0,4,1,0,0,0,0,0,0,0,0,0,0
169,Kai Havertz,FW,Arsenal,26-149,1999,1,0,31,0.3,0,0,0,0,0,0,0,0,0,0,0,0,1,2,2,0,0,0,0,0,0,0,0,0,0
170,Ayden Heaven,DF,Manchester Utd,19-046,2006,2,0,30,0.3,0,1,1,0,0,0,0,0,0,0,0.3,0.3,0,1,0,0,3,3,0,3,0,0.95,0.95,0,0.95
171,Jan Paul van Hecke,DF,Brighton,25-152,2000,10,10,900,10,1,0,1,1,0,0,2,0,0.6,0.6,0.1,0.8,21,76,3,0.1,0,0.1,0.1,0.1,0.06,0.01,0.08,0.06,0.08
172,Hwang Hee-chan,FW,Wolves,29-285,1996,7,4,300,3.3,1,0,1,1,0,0,0,0,0.6,0.6,0,0.7,6,8,17,0.3,0,0.3,0.3,0.3,0.19,0.01,0.21,0.19,0.21
173,Dean Henderson,GK,Crystal Palace,28-240,1997,10,10,900,10,0,0,0,0,0,0,1,0,0,0,0,0,0,0,0,0,0,0,0,0,0,0,0,0,0
174,Jordan Henderson,MF,Brentford,35-143,1990,10,9,740,8.2,0,2,2,0,0,0,3,0,0.1,0.1,0.7,0.8,5,42,4,0,0.24,0.24,0,0.24,0.01,0.09,0.09,0.01,0.09
175,Rico Henry,DF,Brentford,28-122,1997,7,1,173,1.9,0,0,0,0,0,0,1,0,0.1,0.1,0.1,0.3,12,2,11,0,0,0,0,0,0.07,0.07,0.13,0.07,0.13
176,Mads Hermansen,GK,West Ham,25-119,2000,4,4,360,4,0,0,0,0,0,0,0,0,0,0,0,0,0,0,0,0,0,0,0,0,0,0,0,0,0
177,Aaron Hickey,DF,Brentford,23-150,2002,5,2,187,2.1,0,0,0,0,0,0,1,0,0,0,0,0,0,4,5,0,0,0,0,0,0.01,0,0.01,0.01,0.01
178,James Hill,DF,Bournemouth,23-301,2002,7,2,276,3.1,0,0,0,0,0,0,1,0,0.1,0.1,0,0.1,3,17,8,0,0,0,0,0,0.04,0,0.04,0.04,0.04
179,Piero Hincapi,DF,Arsenal,23-302,2002,2,0,28,0.3,0,0,0,0,0,0,0,0,0,0,0,0,2,1,0,0,0,0,0,0,0,0,0,0,0
180,Jack Hinshelwood,MF,Brighton,20-210,2005,3,2,107,1.2,0,0,0,0,0,0,0,0,0,0,0,0,2,2,1,0,0,0,0,0,0,0,0,0,0
181,Ki-Jana Hoever,"DF,MF",Wolves,23-293,2002,5,4,250,2.8,0,0,0,0,0,0,0,0,0,0,0.2,0.3,6,9,15,0,0,0,0,0,0.01,0.09,0.1,0.01,0.1
182,Callum Hudson-Odoi,FW,Nott'ham Forest,25-000,2000,10,6,570,6.3,1,0,1,1,0,0,0,0,0.6,0.6,1.7,2.3,35,29,79,0.16,0,0.16,0.16,0.16,0.09,0.26,0.36,0.09,0.36
183,Will Hughes,MF,Crystal Palace,30-204,1995,8,5,442,4.9,0,0,0,0,0,0,3,0,0.2,0.2,0.5,0.7,2,29,3,0,0,0,0,0,0.03,0.11,0.14,0.03,0.14
184,Trai Hume,"DF,MF",Sunderland,23-234,2002,10,10,888,9.9,0,1,1,0,0,0,1,0,0.4,0.4,0.5,0.9,11,35,26,0,0.1,0.1,0,0.1,0.04,0.05,0.09,0.04,0.09
185,Bashir Humphreys,DF,Burnley,22-237,2003,1,0,3,0,0,0,0,0,0,0,0,0,0,0,0,0,0,0,0,0,0,0,0,0,0,0,0,0,0
186,Omari Hutchinson,"FW,MF",Nott'ham Forest,22-008,2003,5,0,102,1.1,0,0,0,0,0,0,0,0,0.4,0.4,0.7,1.1,6,3,22,0,0,0,0,0,0.37,0.59,0.97,0.37,0.97
187,Igor,DF,West Ham,27-273,1998,2,0,7,0.1,0,0,0,0,0,0,0,0,0,0,0,0,0,0,0,0,0,0,0,0,0,0,0,0,0
188,Tim Iroegbunam,MF,Everton,22-130,2003,7,3,275,3.1,0,0,0,0,0,0,3,0,0.2,0.2,0,0.2,2,8,6,0,0,0,0,0,0.05,0,0.05,0.05,0.05
189,Andy Irving,MF,West Ham,25-178,2000,6,2,150,1.7,0,0,0,0,0,0,0,0,0,0,0.1,0.1,2,12,2,0,0,0,0,0,0,0.07,0.07,0,0.07
190,Alexander Isak,FW,Liverpool,26-047,1999,4,3,251,2.8,0,1,1,0,0,0,0,0,0.9,0.9,0.5,1.5,1,7,11,0,0.36,0.36,0,0.36,0.34,0.2,0.54,0.34,0.54
191,Wilson Isidor,FW,Sunderland,25-072,2000,10,7,610,6.8,4,0,4,4,0,0,0,0,2.4,2.4,0,2.4,5,4,28,0.59,0,0.59,0.59,0.59,0.35,0,0.35,0.35,0.35
192,Alex Iwobi,"FW,MF",Fulham,29-188,1996,10,10,808,9,1,2,3,1,0,0,2,0,0.5,0.5,1.8,2.3,40,56,54,0.11,0.22,0.33,0.11,0.33,0.06,0.2,0.26,0.06,0.26
193,Daniel James,"FW,MF",Leeds United,27-362,1997,7,3,272,3,0,0,0,0,0,0,0,0,0.4,0.4,0.6,1,15,7,25,0,0,0,0,0,0.14,0.19,0.33,0.14,0.33
194,Reece James,DF,Chelsea,25-334,1999,10,7,695,7.7,1,2,3,1,0,0,2,0,0.5,0.5,1.8,2.2,9,51,22,0.13,0.26,0.39,0.13,0.39,0.06,0.23,0.29,0.06,0.29
195,Vitaly Janelt,MF,Brentford,27-181,1998,6,0,144,1.6,0,0,0,0,0,0,0,0,0.2,0.2,0.1,0.3,1,6,1,0,0,0,0,0,0.15,0.04,0.19,0.15,0.19
196,Mathias Jensen,MF,Brentford,29-310,1996,8,2,212,2.4,2,0,2,2,0,0,0,0,0.5,0.5,0.2,0.7,4,16,4,0.85,0,0.85,0.85,0.85,0.22,0.08,0.3,0.22,0.3
197,Igor Jesus,"FW,MF",Nott'ham Forest,24-255,2001,9,2,273,3,0,0,0,0,0,0,0,0,1.2,1.2,0.1,1.3,1,3,13,0,0,0,0,0,0.39,0.03,0.42,0.39,0.42
198,Alex Jimenez,DF,Bournemouth,20-183,2005,7,5,376,4.2,0,0,0,0,0,0,3,0,0.1,0.1,0.1,0.2,17,23,8,0,0,0,0,0,0.02,0.02,0.04,0.02,0.04
199,Raul Jimenez,FW,Fulham,34-186,1991,9,5,395,4.4,1,1,2,1,0,0,0,0,1.2,1.2,0.4,1.6,2,8,21,0.23,0.23,0.46,0.23,0.46,0.28,0.09,0.37,0.28,0.37
200,Joao Pedro,"FW,MF",Chelsea,24-042,2001,10,10,848,9.4,3,3,6,3,0,0,0,0,3.4,3.4,2.3,5.7,21,29,60,0.32,0.32,0.64,0.32,0.64,0.37,0.24,0.61,0.37,0.61
201,Joelinton,MF,Newcastle Utd,29-085,1996,8,8,624,6.9,0,0,0,0,0,0,2,0,0.7,0.7,0.9,1.5,12,36,29,0,0,0,0,0,0.1,0.13,0.22,0.1,0.22
202,Brennan Johnson,FW,Tottenham,24-168,2001,10,4,381,4.2,2,0,2,2,0,0,1,0,1,1,0.2,1.1,10,6,25,0.47,0,0.47,0.47,0.47,0.23,0.04,0.27,0.23,0.27
203,Sam Johnstone,GK,Wolves,32-227,1993,6,6,540,6,0,0,0,0,0,0,0,0,0,0,0,0,0,1,0,0,0,0,0,0,0,0,0,0,0
204,Curtis Jones,MF,Liverpool,24-281,2001,8,2,327,3.6,0,0,0,0,0,0,0,0,0.3,0.3,0.4,0.7,13,46,12,0,0,0,0,0,0.09,0.11,0.19,0.09,0.19
205,Eli Junior Kroupi,FW,Bournemouth,19-137,2006,7,3,227,2.5,4,0,4,4,0,0,1,0,1.7,1.7,0.1,1.8,2,1,9,1.59,0,1.59,1.59,1.59,0.67,0.04,0.71,0.67,0.71
206,Hamed Junior Traore,MF,Bournemouth,25-264,2000,1,0,17,0.2,0,1,1,0,0,0,0,0,0,0,0.2,0.2,0,0,0,0,5.29,5.29,0,5.29,0,1.1,1.1,0,1.1
207,James Justin,DF,Leeds United,27-257,1998,5,0,82,0.9,0,0,0,0,0,0,1,0,0,0,0,0,0,3,2,0,0,0,0,0,0,0,0,0,0
208,Filip Jorgensen,GK,Chelsea,23-205,2002,1,0,84,0.9,0,0,0,0,0,0,0,0,0,0,0,0,0,0,0,0,0,0,0,0,0,0,0,0,0
209,Ferdi Kadioglu,"DF,FW",Brighton,26-031,1999,9,6,647,7.2,0,0,0,0,0,0,3,0,0.3,0.3,0.4,0.6,20,31,34,0,0,0,0,0,0.04,0.05,0.09,0.04,0.09
210,Sasa Kalajdzic,FW,Wolves,28-123,1997,1,0,15,0.2,0,0,0,0,0,0,0,0,0,0,0,0,0,0,2,0,0,0,0,0,0,0,0,0,0
211,Arnaud Kalimuendo,FW,Nott'ham Forest,23-291,2002,6,0,71,0.8,0,0,0,0,0,0,0,0,0.4,0.4,0,0.4,4,2,12,0,0,0,0,0,0.44,0.02,0.46,0.44,0.46
212,Daichi Kamada,MF,Crystal Palace,29-094,1996,8,8,675,7.5,0,0,0,0,0,0,0,0,0.5,0.5,0.9,1.4,11,30,19,0,0,0,0,0,0.06,0.13,0.19,0.06,0.19
213,Boubacar Kamara,MF,Aston Villa,25-349,1999,8,7,565,6.3,0,2,2,0,0,0,2,0,0.1,0.1,0.4,0.5,7,38,2,0,0.32,0.32,0,0.32,0.01,0.07,0.08,0.01,0.08
214,Michael Kayode,DF,Brentford,21-120,2004,10,10,862,9.6,0,0,0,0,0,0,0,0,0.1,0.1,1.4,1.5,18,19,39,0,0,0,0,0,0.01,0.14,0.15,0.01,0.15
215,Michael Keane,DF,Everton,32-300,1993,10,10,874,9.7,1,0,1,1,0,0,0,0,0.8,0.8,0.1,0.9,2,23,2,0.1,0,0.1,0.1,0.1,0.08,0.01,0.09,0.08,0.09
216,Caoimhin Kelleher,GK,Brentford,26-349,1998,10,10,900,10,0,0,0,0,0,0,1,0,0,0,0,0,0,1,0,0,0,0,0,0,0,0,0,0,0
217,Milos Kerkez,DF,Liverpool,22-000,2003,9,9,660,7.3,1,0,1,1,0,0,3,0,0.8,0.8,0.3,1.1,12,34,38,0.14,0,0.14,0.14,0.14,0.11,0.04,0.15,0.11,0.15
218,Kevin,"FW,MF",Fulham,22-307,2003,7,1,232,2.6,0,0,0,0,0,0,1,0,0.1,0.1,0.3,0.3,22,9,23,0,0,0,0,0,0.02,0.1,0.12,0.02,0.12
219,Abdukodir Khusanov,DF,Manchester City,21-251,2004,4,3,228,2.5,0,0,0,0,0,0,1,0,0,0,0,0,2,5,4,0,0,0,0,0,0,0,0,0,0
220,Max Kilman,DF,West Ham,28-168,1997,10,10,900,10,0,0,0,0,0,0,3,0,0.5,0.5,0.2,0.7,3,23,1,0,0,0,0,0,0.05,0.02,0.07,0.05,0.07
221,Joshua King,"MF,FW",Fulham,18-308,2007,10,9,616,6.8,0,0,0,0,0,0,2,0,0.8,0.8,0.2,1,17,22,36,0,0,0,0,0,0.12,0.03,0.14,0.12,0.14
222,Justin Kluivert,MF,Bournemouth,26-186,1999,9,3,336,3.7,1,0,1,1,0,0,2,0,0.4,0.4,0.4,0.8,9,12,26,0.27,0,0.27,0.27,0.27,0.11,0.11,0.22,0.11,0.22
223,Joe Knight,MF,Brighton,20-047,2005,1,0,1,0,0,0,0,0,0,0,0,0,0,0,0,0,0,0,0,0,0,0,0,0,0,0,0,0,0
224,Randal Kolo Muani,FW,Tottenham,26-337,1998,3,2,145,1.6,0,0,0,0,0,0,0,0,0.1,0.1,0.1,0.2,1,0,7,0,0,0,0,0,0.08,0.04,0.12,0.08,0.12
225,Ibrahima Konate,DF,Liverpool,26-166,1999,10,10,832,9.2,0,0,0,0,0,0,2,0,0.8,0.8,0.5,1.3,12,39,0,0,0,0,0,0,0.08,0.06,0.14,0.08,0.14
226,Ezri Konsa,DF,Aston Villa,28-015,1997,9,9,785,8.7,0,0,0,0,0,0,0,1,0,0,0,0.1,5,28,3,0,0,0,0,0,0.01,0,0.01,0.01,0.01
227,Charalampos Kostoulas,"MF,FW",Brighton,18-161,2007,3,0,16,0.2,1,0,1,1,0,0,0,0,0.2,0.2,0,0.2,1,0,2,5.63,0,5.63,5.63,5.63,1.4,0,1.4,1.4,1.4
228,Mateo Kova?i?,MF,Manchester City,31-185,1994,1,0,5,0.1,0,0,0,0,0,0,0,0,0,0,0,0,0,1,0,0,0,0,0,0,0,0,0,0,0
229,Emil Krafth,DF,Newcastle Utd,31-097,1994,1,1,45,0.5,0,0,0,0,0,0,0,0,0,0,0,0,0,2,5,0,0,0,0,0,0,0,0,0,0
230,Ladislav Krej,"DF,MF",Wolves,26-201,1999,7,7,630,7,1,1,2,1,0,0,1,0,0.9,0.9,0.7,1.6,7,39,6,0.14,0.14,0.29,0.14,0.29,0.13,0.1,0.23,0.13,0.23
231,Mohammed Kudus,"FW,MF",Tottenham,25-097,2000,10,10,875,9.7,1,4,5,1,0,0,3,0,1.5,1.5,2,3.5,32,22,79,0.1,0.41,0.51,0.1,0.51,0.15,0.2,0.36,0.15,0.36
232,Jonah Kusi-Asare,FW,Fulham,18-126,2007,1,0,1,0,0,0,0,0,0,0,0,0,0,0,0,0,0,1,0,0,0,0,0,0,0,0,0,0,0
233,Maxence Lacroix,DF,Crystal Palace,25-215,2000,10,10,900,10,0,1,1,0,0,0,1,0,0.3,0.3,0.6,0.9,0,15,3,0,0.1,0.1,0,0.1,0.03,0.06,0.09,0.03,0.09
234,Senne Lammens,GK,Manchester Utd,23-123,2002,4,4,360,4,0,0,0,0,0,0,0,0,0,0,0,0,0,0,0,0,0,0,0,0,0,0,0,0,0
235,Jamaal Lascelles,DF,Newcastle Utd,31-361,1993,2,0,21,0.2,0,0,0,0,0,0,0,0,0,0,0,0,0,0,1,0,0,0,0,0,0.16,0,0.16,0.16,0.16
236,Josh Laurent,"DF,MF",Burnley,30-185,1995,10,6,561,6.2,0,0,0,0,0,0,1,0,0.2,0.2,0.2,0.3,7,12,11,0,0,0,0,0,0.02,0.03,0.05,0.02,0.05
237,Romeo Lavia,MF,Chelsea,21-305,2004,4,1,108,1.2,0,0,0,0,0,0,0,0,0,0,0,0,1,9,1,0,0,0,0,0,0,0,0,0,0
238,Enzo Le Foe,"FW,MF",Sunderland,25-277,2000,9,7,630,7,1,1,2,0,1,1,1,0,0.9,0.1,0.6,0.7,11,20,37,0.14,0.14,0.29,0,0.14,0.13,0.09,0.22,0.02,0.11
239,Bernd Leno,GK,Fulham,33-248,1992,10,10,900,10,0,0,0,0,0,0,1,0,0,0,0,0,0,0,0,0,0,0,0,0,0,0,0,0,0
240,Jefferson Lerma,MF,Crystal Palace,31-013,1994,9,2,276,3.1,0,1,1,0,0,0,1,0,0.6,0.6,0.1,0.6,2,15,2,0,0.33,0.33,0,0.33,0.18,0.02,0.21,0.18,0.21
241,Rico Lewis,DF,Manchester City,20-351,2004,5,2,175,1.9,0,1,1,0,0,0,0,0,0,0,1,1,2,19,9,0,0.51,0.51,0,0.51,0.01,0.52,0.53,0.01,0.53
242,Keane Lewis-Potter,"DF,FW",Brentford,24-258,2001,9,5,450,5,0,1,1,0,0,0,1,0,0.2,0.2,0.6,0.8,10,9,20,0,0.2,0.2,0,0.2,0.03,0.12,0.16,0.03,0.16
243,Myles Lewis-Skelly,DF,Arsenal,19-042,2006,7,0,92,1,0,0,0,0,0,0,1,0,0,0,0,0,1,2,6,0,0,0,0,0,0,0,0,0,0
244,Matthijs de Ligt,DF,Manchester Utd,26-087,1999,10,10,900,10,0,0,0,0,0,0,0,0,0.9,0.9,0.5,1.4,3,16,6,0,0,0,0,0,0.09,0.05,0.14,0.09,0.14
245,Victor Lindelof,"MF,DF",Aston Villa,31-113,1994,3,0,24,0.3,0,0,0,0,0,0,0,0,0,0,0,0,0,2,0,0,0,0,0,0,0,0,0,0,0
246,Valentino Livramento,DF,Newcastle Utd,22-360,2002,6,6,526,5.8,0,1,1,0,0,0,0,0,0,0,0.2,0.2,14,24,38,0,0.17,0.17,0,0.17,0,0.03,0.03,0,0.03
247,Sean Longstaff,MF,Leeds United,28-008,1997,10,8,715,7.9,1,2,3,1,0,0,0,0,0.7,0.7,1.8,2.5,2,22,14,0.13,0.25,0.38,0.13,0.38,0.09,0.22,0.31,0.09,0.31
248,Fer Lopez,"MF,FW",Wolves,21-167,2004,5,1,120,1.3,0,1,1,0,0,0,1,0,0.1,0.1,0.7,0.9,5,14,10,0,0.75,0.75,0,0.75,0.1,0.56,0.66,0.1,0.66
249,Florentino Luis,MF,Burnley,26-080,1999,7,6,567,6.3,0,1,1,0,0,0,1,0,0.3,0.3,0.2,0.5,2,24,4,0,0.16,0.16,0,0.16,0.05,0.03,0.08,0.05,0.08
250,Douglas Luiz,MF,Nott'ham Forest,27-182,1998,4,4,185,2.1,0,0,0,0,0,0,1,0,0,0,0.6,0.6,4,2,6,0,0,0,0,0,0.01,0.27,0.28,0.01,0.28
251,Saka Luki,MF,Fulham,29-086,1996,8,8,631,7,1,1,2,1,0,0,4,0,1.5,1.5,1.1,2.6,14,22,21,0.14,0.14,0.29,0.14,0.29,0.21,0.16,0.37,0.21,0.37
252,Ian Maatsen,DF,Aston Villa,23-242,2002,7,1,178,2,0,0,0,0,0,0,1,0,0.2,0.2,0.3,0.5,8,19,17,0,0,0,0,0,0.1,0.14,0.24,0.1,0.24
253,Alexis Mac Allister,MF,Liverpool,26-318,1998,9,8,565,6.3,0,2,2,0,0,0,0,0,0.7,0.7,1.3,2,13,25,18,0,0.32,0.32,0,0.32,0.1,0.21,0.32,0.1,0.32
254,Noni Madueke,FW,Arsenal,23-242,2002,5,4,304,3.4,0,0,0,0,0,0,0,0,0.3,0.3,0.8,1.1,18,9,44,0,0,0,0,0,0.09,0.25,0.34,0.09,0.34
255,Gabriel Magalhaes,DF,Arsenal,27-323,1997,10,10,900,10,1,2,3,1,0,0,1,0,0.8,0.8,1.3,2.1,6,36,1,0.1,0.2,0.3,0.1,0.3,0.08,0.13,0.21,0.08,0.21
256,Soungoutou Magassa,MF,West Ham,22-030,2003,5,2,173,1.9,0,0,0,0,0,0,1,0,0,0,0,0,1,2,3,0,0,0,0,0,0,0,0,0,0
257,Harry Maguire,DF,Manchester Utd,32-247,1993,7,3,274,3,1,1,2,1,0,0,0,0,0.3,0.3,0.4,0.7,1,12,2,0.33,0.33,0.66,0.33,0.66,0.1,0.12,0.22,0.1,0.22
258,Kobbie Mainoo,MF,Manchester Utd,20-202,2005,7,0,144,1.6,0,0,0,0,0,0,0,0,0.1,0.1,0.2,0.2,5,7,4,0,0,0,0,0,0.04,0.11,0.15,0.04,0.15
259,Donyell Malen,FW,Aston Villa,26-302,1999,10,3,331,3.7,2,0,2,2,0,0,0,0,0.8,0.8,0.2,1,8,7,18,0.54,0,0.54,0.54,0.54,0.23,0.05,0.28,0.23,0.28
260,Giorgi Mamardashvili,GK,Liverpool,25-039,2000,4,4,360,4,0,0,0,0,0,0,0,0,0,0,0,0,0,0,0,0,0,0,0,0,0,0,0,0,0
261,Reinildo Mandava,"DF,MF",Sunderland,31-290,1994,7,7,572,6.4,0,0,0,0,0,0,1,1,0.1,0.1,0,0.1,15,32,13,0,0,0,0,0,0.01,0,0.01,0.01,0.01
262,Omar Marmoush,"FW,MF",Manchester City,26-273,1999,5,2,165,1.8,0,1,1,0,0,0,0,0,1,1,1,1.9,7,5,15,0,0.55,0.55,0,0.55,0.53,0.52,1.05,0.53,1.05
263,Callum Marshall,FW,West Ham,20-344,2004,2,0,60,0.7,0,0,0,0,0,0,0,0,0.1,0.1,0,0.1,0,1,0,0,0,0,0,0,0.19,0,0.19,0.19,0.19
264,Gabriel Martinelli,"FW,MF",Arsenal,24-142,2001,8,2,220,2.4,1,0,1,1,0,0,0,0,0.8,0.8,0.1,0.9,7,5,10,0.41,0,0.41,0.41,0.41,0.32,0.05,0.37,0.32,0.37
265,Emiliano Martinez,GK,Aston Villa,33-066,1992,8,8,720,8,0,0,0,0,0,0,1,0,0,0,0,0,0,0,0,0,0,0,0,0,0,0,0,0,0
266,Arthur Masuaku,"DF,MF",Sunderland,32-000,1993,3,2,126,1.4,0,0,0,0,0,0,1,0,0.1,0.1,0.1,0.1,2,5,5,0,0,0,0,0,0.05,0.05,0.1,0.05,0.1
267,Pape Matar Sarr,MF,Tottenham,23-054,2002,9,5,483,5.4,2,2,4,2,0,0,0,0,0.7,0.7,0.6,1.3,5,15,21,0.37,0.37,0.75,0.37,0.75,0.14,0.11,0.25,0.14,0.25
268,Jean-Philippe Mateta,FW,Crystal Palace,28-132,1997,10,10,869,9.7,6,0,6,4,2,2,2,0,8,6.4,0.1,6.5,5,10,42,0.62,0,0.62,0.41,0.41,0.83,0.01,0.84,0.66,0.68
269,Konstantinos Mavropanos,DF,West Ham,27-331,1997,6,5,495,5.5,0,0,0,0,0,0,1,0,0.4,0.4,0,0.4,2,17,0,0,0,0,0,0,0.07,0,0.07,0.07,0.07
270,Eliezer Mayenda,FW,Sunderland,20-183,2005,6,3,260,2.9,1,0,1,1,0,0,0,0,0.5,0.5,0.5,0.9,3,3,8,0.35,0,0.35,0.35,0.35,0.16,0.16,0.33,0.16,0.33
271,Noussair Mazraoui,DF,Manchester Utd,27-358,1997,4,2,145,1.6,0,0,0,0,0,0,1,0,0,0,0,0,7,21,13,0,0,0,0,0,0,0,0,0,0
272,Bryan Mbeumo,MF,Manchester Utd,26-092,1999,10,10,865,9.6,4,1,5,4,0,0,0,0,2.9,2.9,2.5,5.4,28,24,92,0.42,0.1,0.52,0.42,0.52,0.31,0.26,0.57,0.31,0.57
273,James Mcatee,"MF,FW",Nott'ham Forest,23-020,2002,4,1,129,1.4,0,0,0,0,0,0,0,0,0,0,0.4,0.4,4,9,8,0,0,0,0,0,0.01,0.25,0.26,0.01,0.26
274,John McGinn,"FW,MF",Aston Villa,31-020,1994,10,10,767,8.5,1,0,1,1,0,0,1,0,0.9,0.9,0.9,1.8,11,35,25,0.12,0,0.12,0.12,0.12,0.11,0.11,0.21,0.11,0.21
275,Dwight McNeil,"FW,MF",Everton,25-350,1999,3,0,54,0.6,0,0,0,0,0,0,0,0,0.2,0.2,0.1,0.4,0,0,2,0,0,0,0,0,0.41,0.24,0.65,0.41,0.65
276,Hannibal Mejbri,MF,Burnley,22-290,2003,9,3,273,3,0,1,1,0,0,0,1,0,0.2,0.2,0.7,0.9,7,7,9,0,0.33,0.33,0,0.33,0.05,0.24,0.29,0.05,0.29
277,Mikel Merino,"MF,FW",Arsenal,29-138,1996,9,3,328,3.6,1,0,1,1,0,0,0,0,0.3,0.3,0.1,0.5,6,14,13,0.27,0,0.27,0.27,0.27,0.09,0.04,0.13,0.09,0.13
278,Antoni Milambo,MF,Brentford,20-218,2005,1,1,45,0.5,0,0,0,0,0,0,0,0,0,0,0,0,1,3,1,0,0,0,0,0,0,0,0,0,0
279,Nikola Milenkovi?,DF,Nott'ham Forest,28-026,1997,10,10,900,10,0,0,0,0,0,0,1,0,0.6,0.6,0.3,0.9,5,30,0,0,0,0,0,0,0.06,0.03,0.09,0.06,0.09
280,Lewis Miley,MF,Newcastle Utd,19-190,2006,7,2,274,3,0,1,1,0,0,0,0,0,0,0,0.3,0.3,2,10,9,0,0.33,0.33,0,0.33,0.01,0.09,0.1,0.01,0.1
281,James Milner,MF,Brighton,39-307,1986,7,1,193,2.1,1,1,2,0,1,1,1,0,0.8,0,0.2,0.2,2,9,5,0.47,0.47,0.93,0,0.47,0.37,0.1,0.47,0,0.1
282,Veljko Milosavljevi?,DF,Bournemouth,18-132,2007,3,2,186,2.1,0,0,0,0,0,0,0,0,0,0,0.1,0.1,0,5,0,0,0,0,0,0,0,0.03,0.03,0,0.03
283,Tyrone Mings,DF,Aston Villa,32-239,1993,7,6,498,5.5,0,0,0,0,0,0,0,0,0.3,0.3,0.1,0.4,1,27,3,0,0,0,0,0,0.05,0.02,0.07,0.05,0.07
284,Yankuba Minteh,FW,Brighton,21-108,2004,10,10,857,9.5,1,3,4,1,0,0,0,0,2,2,2.6,4.6,52,12,89,0.11,0.32,0.42,0.11,0.42,0.21,0.28,0.48,0.21,0.48
285,Tyrick Mitchell,DF,Crystal Palace,26-067,1999,10,10,899,10,1,0,1,1,0,0,2,0,0.4,0.4,0.6,1,25,16,64,0.1,0,0.1,0.1,0.1,0.04,0.06,0.1,0.04,0.1
286,Kaoru Mitoma,FW,Brighton,28-171,1997,6,6,508,5.6,1,1,2,1,0,0,1,0,0.8,0.8,1.1,1.8,13,13,37,0.18,0.18,0.35,0.18,0.35,0.13,0.19,0.32,0.13,0.32
287,Morato,DF,Nott'ham Forest,24-130,2001,5,5,436,4.8,0,0,0,0,0,0,3,0,0,0,0,0,1,15,0,0,0,0,0,0,0.01,0,0.01,0.01,0.01
288,Cristhian Mosquera,DF,Arsenal,21-133,2004,6,2,294,3.3,0,0,0,0,0,0,0,0,0,0,0.1,0.1,2,6,1,0,0,0,0,0,0,0.02,0.02,0,0.02
289,Yerson Mosquera,DF,Wolves,24-189,2001,4,2,182,2,0,0,0,0,0,0,1,0,0.1,0.1,0,0.1,1,1,1,0,0,0,0,0,0.03,0,0.03,0.03,0.03
290,Mason Mount,MF,Manchester Utd,26-301,1999,7,5,332,3.7,1,0,1,1,0,0,0,0,0.5,0.5,0.5,1,5,19,15,0.27,0,0.27,0.27,0.27,0.14,0.13,0.26,0.14,0.26
291,Nordi Mukiele,DF,Sunderland,28-006,1997,8,8,720,8,1,0,1,1,0,0,1,0,0.6,0.6,0.4,1,6,24,16,0.12,0,0.12,0.12,0.12,0.08,0.05,0.12,0.08,0.12
292,Marshall Munetsi,"MF,FW",Wolves,29-138,1996,10,8,783,8.7,1,1,2,1,0,0,1,0,1.3,1.3,0.5,1.8,8,14,29,0.11,0.11,0.23,0.11,0.23,0.15,0.06,0.21,0.15,0.21
293,Rodrigo Muniz,FW,Fulham,24-187,2001,6,4,335,3.7,1,1,2,1,0,0,1,0,1,1,0.3,1.2,0,2,9,0.27,0.27,0.54,0.27,0.54,0.26,0.07,0.33,0.26,0.33
294,Daniel Munoz,"DF,MF",Crystal Palace,29-165,1996,10,10,899,10,1,2,3,1,0,0,3,0,0.9,0.9,2.4,3.3,12,24,59,0.1,0.2,0.3,0.1,0.3,0.09,0.24,0.33,0.09,0.33
295,Murillo,DF,Nott'ham Forest,23-126,2002,7,7,559,6.2,0,0,0,0,0,0,1,0,0.1,0.1,0,0.1,3,29,0,0,0,0,0,0,0.01,0,0.01,0.01,0.01
296,Jacob Murphy,"FW,MF",Newcastle Utd,30-256,1995,9,6,492,5.5,2,1,3,2,0,0,0,0,2.2,2.2,1.2,3.4,15,15,70,0.37,0.18,0.55,0.37,0.55,0.41,0.21,0.62,0.41,0.62
297,Vitaliy Mykolenko,DF,Everton,26-162,1999,7,7,625,6.9,0,0,0,0,0,0,1,0,0,0,0.2,0.3,9,39,29,0,0,0,0,0,0.01,0.03,0.04,0.01,0.04
298,David Muller Wolfe,"MF,DF",Wolves,23-198,2002,5,2,151,1.7,0,1,1,0,0,0,0,0,0,0,0.3,0.3,3,3,8,0,0.6,0.6,0,0.6,0,0.16,0.16,0,0.16
299,Iliman Ndiaye,FW,Everton,25-246,2000,10,10,822,9.1,4,1,5,3,1,1,2,0,2.6,1.8,2,3.9,33,14,52,0.44,0.11,0.55,0.33,0.44,0.29,0.22,0.51,0.2,0.42
300,Dan Ndoye,FW,Nott'ham Forest,25-013,2000,9,9,664,7.4,1,1,2,1,0,0,1,0,0.2,0.2,0.6,0.8,32,15,66,0.14,0.14,0.27,0.14,0.27,0.03,0.08,0.11,0.03,0.11
301,Dan Neil,MF,Sunderland,23-329,2001,2,0,2,0,0,0,0,0,0,0,0,0,0,0,0,0,0,0,0,0,0,0,0,0,0,0,0,0,0
302,Reiss Nelson,FW,Brentford,25-332,1999,1,0,16,0.2,0,0,0,0,0,0,0,0,0.1,0.1,0,0.1,1,2,3,0,0,0,0,0,0.32,0,0.32,0.32,0.32
303,Pedro Neto,FW,Chelsea,25-243,2000,10,10,753,8.4,2,2,4,2,0,0,0,0,1.4,1.4,1.6,3,39,27,76,0.24,0.24,0.48,0.24,0.48,0.17,0.2,0.36,0.17,0.36
304,Rio Ngumoha,"FW,MF",Liverpool,17-070,2008,4,0,33,0.4,1,0,1,1,0,0,0,0,0.4,0.4,0.1,0.4,5,0,10,2.73,0,2.73,2.73,2.73,0.97,0.26,1.23,0.97,1.23
305,Eddie Nketiah,"MF,FW",Crystal Palace,26-161,1999,5,0,112,1.2,1,0,1,1,0,0,1,0,0.9,0.9,0.8,1.7,3,2,4,0.8,0,0.8,0.8,0.8,0.71,0.66,1.38,0.71,1.38
306,Lukas Nmecha,FW,Leeds United,26-328,1998,10,1,206,2.3,1,0,1,0,1,1,0,0,1.8,1.1,0,1.1,2,2,12,0.44,0,0.44,0,0,0.78,0,0.78,0.46,0.46
307,Matheus Nunes,DF,Manchester City,27-072,1998,8,6,604,6.7,1,0,1,1,0,0,1,0,0.2,0.2,0.2,0.4,16,31,23,0.15,0,0.15,0.15,0.15,0.04,0.02,0.06,0.04,0.06
308,Ethan Nwaneri,MF,Arsenal,18-231,2007,5,0,168,1.9,0,0,0,0,0,0,0,0,0.2,0.2,0,0.3,7,13,6,0,0,0,0,0,0.12,0.02,0.15,0.12,0.15
309,Christian Norgaard,MF,Arsenal,31-242,1994,2,0,15,0.2,0,0,0,0,0,0,0,0,0.1,0.1,0,0.1,0,1,0,0,0,0,0,0,0.31,0,0.31,0.31,0.31
310,Jake O'Brien,DF,Everton,24-176,2001,10,10,867,9.6,0,0,0,0,0,0,0,0,0.4,0.4,0.1,0.5,8,24,20,0,0,0,0,0,0.04,0.01,0.05,0.04,0.05
311,Matt O'Riley,MF,Brighton,24-351,2000,2,2,177,2,1,0,1,0,1,1,0,0,1.2,0.4,0.2,0.6,0,5,11,0.51,0,0.51,0,0,0.61,0.1,0.72,0.21,0.32
312,Wilson Odobert,FW,Tottenham,20-344,2004,9,3,337,3.7,0,0,0,0,0,0,0,0,0.7,0.7,0.3,1.1,14,17,28,0,0,0,0,0,0.2,0.09,0.29,0.2,0.29
313,Noah Okafor,"FW,MF",Leeds United,25-167,2000,7,6,427,4.7,2,0,2,2,0,0,2,0,1.4,1.4,0.4,1.8,14,11,34,0.42,0,0.42,0.42,0.42,0.29,0.09,0.37,0.29,0.37
314,Amadou Onana,MF,Aston Villa,24-083,2001,6,5,415,4.6,0,0,0,0,0,0,2,0,0.2,0.2,0,0.2,3,19,2,0,0,0,0,0,0.05,0,0.05,0.05,0.05
315,Frank Onyeka,MF,Brentford,27-310,1998,6,0,92,1,0,1,1,0,0,0,0,0,0,0,0.1,0.1,2,4,2,0,0.98,0.98,0,0.98,0,0.12,0.12,0,0.12
316,Nehemiah Oriola,MF,Brighton,18-149,2007,1,0,1,0,0,0,0,0,0,0,0,0,0,0,0,0,0,0,0,0,0,0,0,0,0,0,0,0,0
317,William Osula,FW,Newcastle Utd,22-095,2003,10,1,219,2.4,1,0,1,1,0,0,0,0,0.6,0.6,0.1,0.7,4,2,12,0.41,0,0.41,0.41,0.41,0.27,0.03,0.3,0.27,0.3
318,Dango Ouattara,FW,Brentford,23-269,2002,9,6,552,6.1,2,0,2,2,0,0,1,0,2.5,2.5,0.7,3.2,16,7,40,0.33,0,0.33,0.33,0.33,0.41,0.12,0.53,0.41,0.53
319,Nico O'Reilly,DF,Manchester City,20-231,2005,9,6,596,6.6,1,1,2,1,0,0,2,0,0.8,0.8,0.7,1.6,23,12,33,0.15,0.15,0.3,0.15,0.3,0.13,0.11,0.23,0.13,0.23
320,Joao Palhinha,MF,Tottenham,30-121,1995,10,9,783,8.7,2,1,3,2,0,0,2,0,0.6,0.6,0.1,0.7,3,25,8,0.23,0.11,0.34,0.23,0.34,0.07,0.01,0.08,0.07,0.08
321,Cole Palmer,MF,Chelsea,23-185,2002,3,2,145,1.6,1,0,1,1,0,0,0,0,0.8,0.8,0,0.8,9,11,14,0.62,0,0.62,0.62,0.62,0.5,0.01,0.51,0.5,0.51
322,Lucas Paqueta,"MF,FW",West Ham,28-072,1997,10,10,876,9.7,3,0,3,2,1,1,4,0,1.7,1,1.1,2,6,68,38,0.31,0,0.31,0.21,0.21,0.18,0.11,0.29,0.1,0.21
323,Lucas Perri,GK,Leeds United,27-332,1997,5,5,450,5,0,0,0,0,0,0,1,0,0,0,0,0,0,0,0,0,0,0,0,0,0,0,0,0,0
324,?or?e Petrovi?,GK,Bournemouth,26-030,1999,10,10,900,10,0,0,0,0,0,0,1,0,0,0,0,0,0,0,0,0,0,0,0,0,0,0,0,0,0
325,Jordan Pickford,GK,Everton,31-245,1994,10,10,900,10,0,0,0,0,0,0,0,0,0,0,0,0,0,0,0,0,0,0,0,0,0,0,0,0,0
326,Ethan Pinnock,DF,Brentford,32-162,1993,2,2,155,1.7,0,0,0,0,0,0,1,0,0,0,0,0,0,2,2,0,0,0,0,0,0,0,0,0,0
327,Yeremi Pino,MF,Crystal Palace,23-018,2002,8,7,506,5.6,0,0,0,0,0,0,2,0,1.2,1.2,1.2,2.5,10,34,40,0,0,0,0,0,0.22,0.22,0.44,0.22,0.44
328,Joel Piroe,"FW,MF",Leeds United,26-097,1999,4,2,164,1.8,0,0,0,0,0,0,0,0,0.6,0.6,0,0.6,1,1,6,0,0,0,0,0,0.31,0,0.31,0.31,0.31
329,Nick Pope,GK,Newcastle Utd,33-202,1992,10,10,900,10,0,0,0,0,0,0,1,0,0,0,0,0,0,0,0,0,0,0,0,0,0,0,0,0,0
330,Pedro Porro,DF,Tottenham,26-055,1999,10,9,799,8.9,0,1,1,0,0,0,1,0,0.1,0.1,1.2,1.3,19,47,22,0,0.11,0.11,0,0.11,0.01,0.14,0.15,0.01,0.15
331,Freddie Potts,MF,West Ham,22-056,2003,5,1,224,2.5,0,0,0,0,0,0,0,0,0,0,0.1,0.1,0,7,2,0,0,0,0,0,0,0.02,0.02,0,0.02
332,Jacob Ramsey,MF,Newcastle Utd,24-163,2001,4,1,126,1.4,0,0,0,0,0,0,1,0,0,0,0.3,0.3,6,7,11,0,0,0,0,0,0.02,0.23,0.25,0.02,0.25
333,David Raya,GK,Arsenal,30-053,1995,10,10,900,10,0,0,0,0,0,0,1,0,0,0,0.1,0.1,0,4,0,0,0,0,0,0,0,0.01,0.01,0,0.01
334,Tijjani Reijnders,MF,Manchester City,27-101,1998,10,9,758,8.4,1,2,3,1,0,0,2,0,1.5,1.5,1.4,2.9,22,39,28,0.12,0.24,0.36,0.12,0.36,0.18,0.17,0.35,0.18,0.35
335,Declan Rice,MF,Arsenal,26-297,1999,10,9,804,8.9,2,2,4,2,0,0,0,0,0.9,0.9,1.7,2.6,25,64,21,0.22,0.22,0.45,0.22,0.45,0.11,0.18,0.29,0.11,0.29
336,Chris Richards,DF,Crystal Palace,25-224,2000,10,10,900,10,0,0,0,0,0,0,0,0,0.4,0.4,0.3,0.7,2,15,2,0,0,0,0,0,0.04,0.03,0.07,0.04,0.07
337,Richarlison,FW,Tottenham,28-181,1997,10,5,545,6.1,3,2,5,3,0,0,1,0,1.9,1.9,1.3,3.2,8,9,19,0.5,0.33,0.83,0.5,0.83,0.32,0.22,0.53,0.32,0.53
338,Chris Rigg,MF,Sunderland,18-142,2007,6,3,187,2.1,0,0,0,0,0,0,0,0,0.1,0.1,0.1,0.2,1,3,6,0,0,0,0,0,0.05,0.04,0.09,0.05,0.09
339,Patrick Roberts,"MF,FW",Sunderland,28-275,1997,1,0,28,0.3,0,0,0,0,0,0,0,0,0,0,0,0,1,1,4,0,0,0,0,0,0.11,0,0.11,0.11,0.11
340,Andrew Robertson,DF,Liverpool,31-241,1994,5,1,240,2.7,0,0,0,0,0,0,0,0,0.2,0.2,0.5,0.7,7,17,17,0,0,0,0,0,0.08,0.17,0.25,0.08,0.25
341,Antonee Robinson,DF,Fulham,28-091,1997,3,0,64,0.7,0,0,0,0,0,0,0,0,0,0,0,0,4,5,10,0,0,0,0,0,0,0.04,0.04,0,0.04
342,Joe Rodon,DF,Leeds United,28-016,1997,10,10,900,10,2,0,2,2,0,0,0,0,0.7,0.7,0.1,0.8,8,43,0,0.2,0,0.2,0.2,0.2,0.07,0.01,0.08,0.07,0.08
343,Rodri,MF,Manchester City,29-138,1996,6,4,293,3.3,0,0,0,0,0,0,0,0,0.1,0.1,0.1,0.2,4,20,5,0,0,0,0,0,0.04,0.03,0.07,0.04,0.07
344,Guido Rodriguez,MF,West Ham,31-209,1994,2,1,90,1,0,0,0,0,0,0,0,0,0,0,0,0,0,5,3,0,0,0,0,0,0.03,0,0.03,0.03,0.03
345,Robin Roefs,GK,Sunderland,22-294,2003,10,10,900,10,0,0,0,0,0,0,1,0,0,0,0.2,0.2,0,0,0,0,0,0,0,0,0,0.02,0.02,0,0.02
346,Morgan Rogers,"MF,FW",Aston Villa,23-104,2002,10,10,891,9.9,1,2,3,1,0,0,1,0,0.7,0.7,1.1,1.8,14,28,55,0.1,0.2,0.3,0.1,0.3,0.07,0.11,0.18,0.07,0.18
347,Merlin Rhl,"MF,FW",Everton,23-125,2002,3,0,71,0.8,0,0,0,0,0,0,0,0,0.4,0.4,0.1,0.5,1,3,5,0,0,0,0,0,0.53,0.09,0.62,0.53,0.62
348,Cristian Romero,DF,Tottenham,27-194,1998,8,7,661,7.3,0,1,1,0,0,0,3,0,0.1,0.1,0.2,0.2,2,33,0,0,0.14,0.14,0,0.14,0.01,0.02,0.03,0.01,0.03
349,Georginio Rutter,"FW,MF",Brighton,23-201,2002,9,7,604,6.7,0,2,2,0,0,0,1,0,0.4,0.4,1.8,2.2,14,29,27,0,0.3,0.3,0,0.3,0.06,0.27,0.33,0.06,0.33
350,Jose Sa,GK,Wolves,32-294,1993,4,4,360,4,0,0,0,0,0,0,0,0,0,0,0.1,0.1,0,0,0,0,0,0,0,0,0,0.02,0.02,0,0.02
351,Noah Sadiki,MF,Sunderland,20-325,2004,10,10,891,9.9,0,0,0,0,0,0,4,0,0.1,0.1,0.3,0.4,16,30,30,0,0,0,0,0,0.01,0.03,0.04,0.01,0.04
352,Bukayo Saka,FW,Arsenal,24-063,2001,8,7,591,6.6,2,0,2,1,1,1,0,0,1.9,1.1,1.6,2.7,29,13,83,0.3,0,0.3,0.15,0.15,0.29,0.24,0.53,0.17,0.41
353,Mohamed Salah,FW,Liverpool,33-145,1992,10,10,893,9.9,4,2,6,3,1,1,1,0,3.3,2.5,1.7,4.1,34,37,108,0.4,0.2,0.6,0.3,0.5,0.33,0.17,0.5,0.25,0.42
354,William Saliba,DF,Arsenal,24-228,2001,9,8,634,7,0,0,0,0,0,0,0,0,0.1,0.1,0.1,0.2,3,33,3,0,0,0,0,0,0.01,0.01,0.02,0.01,0.02
355,Robert Sanchez,GK,Chelsea,27-354,1997,10,10,814,9,0,0,0,0,0,0,1,1,0,0,0.1,0.1,0,0,0,0,0,0,0,0,0,0.01,0.01,0,0.01
356,Jadon Sancho,FW,Aston Villa,25-227,2000,3,0,71,0.8,0,0,0,0,0,0,0,0,0.3,0.3,0.1,0.4,7,7,16,0,0,0,0,0,0.42,0.1,0.52,0.42,0.52
357,Ibrahim Sangar�,MF,Nott'ham Forest,27-340,1997,7,5,443,4.9,0,0,0,0,0,0,1,0,0.2,0.2,0,0.3,5,32,2,0,0,0,0,0,0.05,0,0.05,0.05,0.05
358,Andrey Santos,MF,Chelsea,21-188,2004,7,2,225,2.5,0,0,0,0,0,0,2,0,0.7,0.7,0.1,0.8,4,13,10,0,0,0,0,0,0.28,0.03,0.31,0.28,0.31
359,Ismaila Sarr,"MF,FW",Crystal Palace,27-255,1998,8,8,701,7.8,3,1,4,3,0,0,1,0,3.6,3.6,0.5,4.1,22,26,38,0.39,0.13,0.51,0.39,0.51,0.46,0.07,0.53,0.46,0.53
360,Sivio,MF,Manchester City,21-211,2004,7,4,354,3.9,0,1,1,0,0,0,1,0,0.2,0.2,0.4,0.7,27,8,31,0,0.25,0.25,0,0.25,0.06,0.11,0.18,0.06,0.18
361,Nicole Savona,"DF,MF",Nott'ham Forest,22-233,2003,5,3,341,3.8,1,0,1,1,0,0,0,0,0.8,0.8,0,0.8,6,12,19,0.26,0,0.26,0.26,0.26,0.21,0.01,0.21,0.21,0.21
362,Oliver Scarles,"DF,MF",West Ham,19-330,2005,2,2,69,0.8,0,0,0,0,0,0,0,0,0,0,0,0,0,2,2,0,0,0,0,0,0,0,0,0,0
363,Kevin Schade,FW,Brentford,23-345,2001,10,9,830,9.2,2,1,3,2,0,1,4,0,2.8,2,1.1,3.1,17,6,30,0.22,0.11,0.33,0.22,0.33,0.3,0.12,0.42,0.22,0.34
364,Fabian Schar,DF,Newcastle Utd,33-322,1991,6,4,425,4.7,0,0,0,0,0,0,0,0,0.1,0.1,0.1,0.2,5,24,1,0,0,0,0,0,0.02,0.02,0.05,0.02,0.05
365,Alex Scott,MF,Bournemouth,22-078,2003,10,9,666,7.4,1,0,1,1,0,0,1,0,0.5,0.5,0.5,1,14,22,17,0.14,0,0.14,0.14,0.14,0.07,0.06,0.14,0.07,0.14
366,Jenson Seelt,DF,Sunderland,22-168,2003,2,1,134,1.5,0,0,0,0,0,0,0,0,0,0,0,0,2,14,0,0,0,0,0,0,0,0,0,0,0
367,Matz Sels,GK,Nott'ham Forest,33-254,1992,10,10,900,10,0,0,0,0,0,0,1,0,0,0,0,0,0,0,0,0,0,0,0,0,0,0,0,0,0
368,Antoine Semenyo,"FW,MF",Bournemouth,25-304,2000,10,10,899,10,6,3,9,5,1,1,2,0,3.8,3,0.5,3.5,34,39,59,0.6,0.3,0.9,0.5,0.8,0.38,0.05,0.43,0.3,0.35
369,Marcos Senesi,DF,Bournemouth,28-181,1997,10,10,887,9.9,0,2,2,0,0,0,3,0,0.2,0.2,0.3,0.5,5,53,3,0,0.2,0.2,0,0.2,0.02,0.03,0.05,0.02,0.05
370,Benjamin Sesko,FW,Manchester Utd,22-160,2003,10,6,588,6.5,2,1,3,2,0,0,1,0,2.1,2.1,0.3,2.4,4,9,22,0.31,0.15,0.46,0.31,0.46,0.31,0.05,0.37,0.31,0.37
371,Ryan Sessegnon,DF,Fulham,25-173,2000,9,9,746,8.3,2,0,2,2,0,0,0,0,0.7,0.7,0.8,1.5,20,29,41,0.24,0,0.24,0.24,0.24,0.08,0.1,0.18,0.08,0.18
372,Luke Shaw,DF,Manchester Utd,30-118,1995,10,10,843,9.4,0,1,1,0,0,0,0,0,0.1,0.1,0.1,0.2,9,39,7,0,0.11,0.11,0,0.11,0.01,0.01,0.02,0.01,0.02
373,Bernardo Silva,MF,Manchester City,31-089,1994,10,6,554,6.2,0,1,1,0,0,0,1,0,0.1,0.1,1.9,1.9,7,23,27,0,0.16,0.16,0,0.16,0.01,0.31,0.31,0.01,0.31
374,Jota Silva,FW,Nott'ham Forest,26-098,1999,1,0,12,0.1,0,0,0,0,0,0,0,0,0,0,0,0,0,0,1,0,0,0,0,0,0,0,0,0,0
375,Xavi Simons,"FW,MF",Tottenham,22-200,2003,7,5,454,5,0,1,1,0,0,0,2,0,0.3,0.3,0.6,0.9,19,32,24,0,0.2,0.2,0,0.2,0.06,0.12,0.18,0.06,0.18
376,Adam Smith,DF,Bournemouth,34-192,1991,3,3,204,2.3,0,0,0,0,0,0,0,0,0,0,0.3,0.3,1,6,2,0,0,0,0,0,0,0.12,0.12,0,0.12
377,Emile Smith Rowe,MF,Fulham,25-102,2000,10,1,222,2.5,1,0,1,1,0,0,0,0,1,1,0.1,1.1,5,13,12,0.41,0,0.41,0.41,0.41,0.41,0.04,0.45,0.41,0.45
378,Dominic Solanke,FW,Tottenham,28-054,1997,2,0,33,0.4,0,0,0,0,0,0,0,0,0.2,0.2,0,0.2,0,0,2,0,0,0,0,0,0.57,0,0.57,0.57,0.57
379,Julio Soler,FW,Bournemouth,20-264,2005,1,0,1,0,0,0,0,0,0,0,0,0,0,0,0,0,0,0,0,0,0,0,0,0,0,0,0,0,0
380,Oliver Sonne,"DF,FW",Burnley,24-362,2000,3,1,104,1.2,0,0,0,0,0,0,0,0,0,0,0,0.1,0,4,3,0,0,0,0,0,0.03,0.03,0.06,0.03,0.06
381,Borna Sosa,DF,Crystal Palace,27-290,1998,1,0,1,0,0,0,0,0,0,0,0,0,0,0,0,0,0,0,0,0,0,0,0,0,0,0,0,0,0
382,Tom Soucek,MF,West Ham,30-253,1995,7,5,396,4.4,1,0,1,1,0,0,0,1,1.5,1.5,0,1.5,1,10,8,0.23,0,0.23,0.23,0.23,0.34,0.01,0.34,0.34,0.34
383,Djed Spence,DF,Tottenham,25-090,2000,9,8,668,7.4,0,0,0,0,0,0,2,0,0.2,0.2,0.1,0.2,24,31,35,0,0,0,0,0,0.02,0.01,0.03,0.02,0.03
384,Anton Stach,MF,Leeds United,26-357,1998,9,8,709,7.9,1,1,2,1,0,0,1,0,0.9,0.9,1,1.9,13,42,22,0.13,0.13,0.25,0.13,0.25,0.11,0.12,0.24,0.11,0.24
385,John Stones,DF,Manchester City,31-163,1994,5,4,325,3.6,0,0,0,0,0,0,0,0,0,0,0.1,0.1,3,15,4,0,0,0,0,0,0,0.02,0.02,0,0.02
386,Jorgen Strand Larsen,FW,Wolves,25-274,2000,8,7,617,6.9,1,0,1,0,1,1,0,0,1.5,0.7,0.4,1.1,2,5,25,0.15,0,0.15,0,0,0.22,0.06,0.28,0.11,0.17
387,Pascal Struijk,DF,Leeds United,26-088,1999,8,8,720,8,0,0,0,0,0,0,1,0,0.8,0.8,0.1,0.8,1,23,3,0,0,0,0,0,0.1,0.01,0.1,0.1,0.1
388,Crysencio Summerville,"FW,MF",West Ham,24-008,2001,8,7,558,6.2,0,1,1,0,0,0,3,0,0.8,0.8,0.3,1.1,14,17,34,0,0.16,0.16,0,0.16,0.13,0.05,0.18,0.13,0.18
389,Dominik Szoboszlai,"MF,DF",Liverpool,25-013,2000,10,10,900,10,1,1,2,1,0,0,3,0,1.3,1.3,1.5,2.8,29,76,46,0.1,0.1,0.2,0.1,0.2,0.13,0.15,0.28,0.13,0.28
390,Chemsdine Talbi,"FW,MF",Sunderland,20-182,2005,10,6,564,6.3,1,1,2,1,0,0,0,0,1,1,0.3,1.3,11,4,36,0.16,0.16,0.32,0.16,0.32,0.16,0.04,0.2,0.16,0.2
391,Ao Tanaka,MF,Leeds United,27-058,1998,8,4,323,3.6,0,0,0,0,0,0,0,0,0.2,0.2,0.2,0.4,2,21,4,0,0,0,0,0,0.05,0.06,0.1,0.05,0.1
392,James Tarkowski,DF,Everton,32-353,1992,10,10,900,10,0,0,0,0,0,0,1,0,0.4,0.4,0.4,0.9,5,32,4,0,0,0,0,0,0.04,0.04,0.09,0.04,0.09
393,Marcus Tavernier,"MF,FW",Bournemouth,26-230,1999,10,9,766,8.5,2,1,3,2,0,0,0,0,1,1,1.4,2.4,23,33,58,0.23,0.12,0.35,0.23,0.35,0.12,0.16,0.29,0.12,0.29
394,Loum Tchaouna,"MF,FW",Burnley,22-060,2003,9,4,374,4.2,1,0,1,1,0,0,1,0,0.3,0.3,0.1,0.5,4,9,15,0.24,0,0.24,0.24,0.24,0.08,0.03,0.11,0.08,0.11
395,Jackson Tchatchoua,"DF,MF",Wolves,24-054,2001,9,3,432,4.8,0,0,0,0,0,0,0,0,0.3,0.3,0.2,0.4,10,6,34,0,0,0,0,0,0.05,0.03,0.09,0.05,0.09
396,Mathys Tel,FW,Tottenham,20-194,2005,7,3,239,2.7,1,0,1,1,0,0,0,0,0.2,0.2,0,0.2,4,3,14,0.38,0,0.38,0.38,0.38,0.08,0,0.08,0.08,0.08
397,Kenny Tete,DF,Fulham,30-029,1995,7,7,629,7,0,0,0,0,0,0,1,0,0.2,0.2,0.2,0.4,9,35,10,0,0,0,0,0,0.03,0.03,0.05,0.03,0.05
398,Thiago,FW,Brentford,24-134,2001,10,10,832,9.2,6,0,6,4,2,2,3,0,4.4,2.9,1.1,4,4,8,29,0.65,0,0.65,0.43,0.43,0.48,0.12,0.6,0.31,0.43
399,Malick Thiaw,DF,Newcastle Utd,24-091,2001,7,6,543,6,0,0,0,0,0,0,1,0,0.6,0.6,0.3,0.9,9,34,10,0,0,0,0,0,0.11,0.05,0.15,0.11,0.15
400,Youri Tielemans,MF,Aston Villa,28-184,1997,4,4,315,3.5,0,0,0,0,0,0,0,0,0.1,0.1,0.2,0.3,8,21,10,0,0,0,0,0,0.04,0.05,0.09,0.04,0.09
401,Jurrien Timber,DF,Arsenal,24-143,2001,10,9,792,8.8,2,1,3,2,0,0,2,0,2,2,0.6,2.5,14,53,41,0.23,0.11,0.34,0.23,0.34,0.22,0.07,0.29,0.22,0.29
402,Jean-Clair Todibo,DF,West Ham,25-312,1999,5,5,396,4.4,0,0,0,0,0,0,1,0,0,0,0,0,5,18,1,0,0,0,0,0,0,0,0,0,0
403,Sandro Tonali,MF,Newcastle Utd,25-183,2000,10,9,794,8.8,0,1,1,0,0,0,0,0,0.4,0.4,1.6,2.1,19,73,22,0,0.11,0.11,0,0.11,0.05,0.19,0.24,0.05,0.24
404,Pau Torres,DF,Aston Villa,28-295,1997,7,5,509,5.7,0,0,0,0,0,0,0,0,0.1,0.1,0,0.1,7,22,3,0,0,0,0,0,0.02,0,0.02,0.02,0.02
405,James Trafford,GK,Manchester City,23-028,2002,3,3,270,3,0,0,0,0,0,0,0,0,0,0,0,0,0,0,0,0,0,0,0,0,0,0,0,0,0
406,Adama Traore,FW,Fulham,29-286,1996,8,1,234,2.6,0,0,0,0,0,0,0,0,0.2,0.2,0.5,0.6,14,3,23,0,0,0,0,0,0.06,0.18,0.24,0.06,0.24
407,Bertrand Traore,"FW,MF",Sunderland,30-062,1995,5,4,296,3.3,0,0,0,0,0,0,1,0,0.5,0.5,0.8,1.2,3,6,29,0,0,0,0,0,0.14,0.23,0.37,0.14,0.37
408,Kieran Trippier,DF,Newcastle Utd,35-049,1990,8,7,609,6.8,0,0,0,0,0,0,0,0,0,0,0.8,0.8,9,64,33,0,0,0,0,0,0,0.12,0.12,0,0.12
409,Leandro Trossard,FW,Arsenal,30-338,1994,8,6,553,6.1,1,2,3,1,0,0,0,0,1.7,1.7,0.6,2.4,16,21,60,0.16,0.33,0.49,0.16,0.49,0.28,0.11,0.38,0.28,0.38
410,Adrien Truffert,DF,Bournemouth,23-352,2001,10,10,900,10,0,1,1,0,0,0,1,0,0.1,0.1,0.6,0.8,23,48,56,0,0.1,0.1,0,0.1,0.01,0.06,0.08,0.01,0.08
411,Axel Tuanzebe,DF,Burnley,27-358,1997,4,4,360,4,0,0,0,0,0,0,0,0,0,0,0,0,0,6,1,0,0,0,0,0,0,0,0,0,0
412,Stefanos Tzimas,"MF,FW",Brighton,19-305,2006,6,0,84,0.9,0,1,1,0,0,0,0,0,0.4,0.4,0.5,0.8,1,1,4,0,1.07,1.07,0,1.07,0.4,0.49,0.89,0.4,0.89
413,Christantus Uche,MF,Crystal Palace,22-172,2003,3,0,11,0.1,0,0,0,0,0,0,0,0,0,0,0,0,1,0,3,0,0,0,0,0,0.08,0,0.08,0.08,0.08
414,Destiny Udogie,DF,Tottenham,22-344,2002,6,3,321,3.6,0,0,0,0,0,0,0,0,0,0,0.2,0.3,15,21,29,0,0,0,0,0,0.01,0.07,0.07,0.01,0.07
415,Manuel Ugarte,MF,Manchester Utd,24-210,2001,8,2,285,3.2,0,0,0,0,0,0,0,0,0,0,0,0.1,4,19,3,0,0,0,0,0,0.02,0.01,0.02,0.02,0.02
416,Lesley Ugochukwu,MF,Burnley,21-226,2004,9,6,520,5.8,2,0,2,2,0,0,2,1,0.8,0.8,0,0.8,6,10,11,0.35,0,0.35,0.35,0.35,0.13,0,0.14,0.13,0.14
417,Enes nal,FW,Bournemouth,28-181,1997,1,0,1,0,0,0,0,0,0,0,0,0,0,0,0,0,0,0,0,0,0,0,0,0,0,0,0,0,0
418,Virgil van Dijk,DF,Liverpool,34-122,1991,10,10,900,10,0,0,0,0,0,0,2,0,0.4,0.4,0.1,0.5,13,63,7,0,0,0,0,0,0.04,0.01,0.05,0.04,0.05
419,Joel Veltman,DF,Brighton,33-296,1992,4,4,324,3.6,0,0,0,0,0,0,2,0,0,0,0,0,5,14,2,0,0,0,0,0,0,0.01,0.01,0,0.01
420,Micky van de Ven,DF,Tottenham,24-202,2001,10,10,889,9.9,3,0,3,3,0,0,2,0,1.6,1.6,0.1,1.7,5,29,2,0.3,0,0.3,0.3,0.3,0.16,0.01,0.17,0.16,0.17
421,Bart Verbruggen,GK,Brighton,23-081,2002,10,10,900,10,0,0,0,0,0,0,0,0,0,0,0.1,0.1,0,0,0,0,0,0,0,0,0,0.01,0.01,0,0.01
422,Guglielmo Vicario,GK,Tottenham,29-031,1996,10,10,900,10,0,0,0,0,0,0,0,0,0,0,0,0,0,0,0,0,0,0,0,0,0,0,0,0,0
423,Kyle Walker,DF,Burnley,35-163,1990,10,10,900,10,0,1,1,0,0,0,2,0,0.1,0.1,0.4,0.5,15,24,16,0,0.1,0.1,0,0.1,0.01,0.04,0.05,0.01,0.05
424,Kyle Walker-Peters,DF,West Ham,28-208,1997,9,5,462,5.1,0,0,0,0,0,0,1,0,0.1,0.1,0.1,0.2,13,16,20,0,0,0,0,0,0.03,0.02,0.04,0.03,0.04
425,Aaron Wan-Bissaka,DF,West Ham,27-346,1997,6,5,471,5.2,0,0,0,0,0,0,0,0,0,0,0.2,0.2,9,16,30,0,0,0,0,0,0,0.04,0.04,0,0.04
426,James Ward-Prowse,MF,West Ham,31-006,1994,5,5,413,4.6,0,0,0,0,0,0,0,0,0.1,0.1,0.9,1,1,20,8,0,0,0,0,0,0.03,0.2,0.23,0.03,0.23
427,Ollie Watkins,FW,Aston Villa,29-312,1995,10,9,786,8.7,1,0,1,1,0,0,0,0,1.7,1.7,0.5,2.2,16,12,54,0.11,0,0.11,0.11,0.11,0.2,0.05,0.25,0.2,0.25
428,Tom Watson,FW,Brighton,19-213,2006,2,0,42,0.5,0,0,0,0,0,0,0,0,0,0,0,0,2,1,3,0,0,0,0,0,0.08,0,0.08,0.08,0.08
429,Danny Welbeck,FW,Brighton,34-346,1990,10,7,628,7,6,0,6,6,0,1,2,0,4.2,3.4,0.3,3.7,5,8,21,0.86,0,0.86,0.86,0.86,0.6,0.04,0.64,0.48,0.52
430,Adam Wharton,MF,Crystal Palace,21-274,2004,8,8,630,7,0,0,0,0,0,0,1,0,0.2,0.2,2.2,2.4,9,36,7,0,0,0,0,0,0.03,0.31,0.35,0.03,0.35
431,Ben White,DF,Arsenal,28-030,1997,1,1,70,0.8,0,0,0,0,0,0,0,0,0,0,0,0.1,1,4,0,0,0,0,0,0,0.02,0.06,0.07,0.02,0.07
432,Mats Wieffer,DF,Brighton,25-356,1999,8,6,551,6.1,0,2,2,0,0,0,3,0,0.2,0.2,1.6,1.8,13,29,21,0,0.33,0.33,0,0.33,0.03,0.27,0.29,0.03,0.29
433,Neco Williams,"DF,MF",Nott'ham Forest,24-208,2001,10,10,900,10,1,0,1,1,0,0,4,0,0.8,0.8,0.5,1.3,24,45,50,0.1,0,0.1,0.1,0.1,0.08,0.05,0.13,0.08,0.13
434,Estevo Willian,FW,Chelsea,18-197,2007,9,4,316,3.5,1,1,2,1,0,0,2,0,1.7,1.7,1.3,3,12,7,34,0.28,0.28,0.57,0.28,0.57,0.5,0.36,0.86,0.5,0.86
435,Joe Willock,MF,Newcastle Utd,26-079,1999,2,1,87,1,0,0,0,0,0,0,0,0,0.1,0.1,0,0.1,3,1,4,0,0,0,0,0,0.09,0,0.09,0.09,0.09
436,Callum Wilson,FW,West Ham,33-253,1992,7,2,299,3.3,1,0,1,1,0,0,0,0,1.2,1.2,0,1.3,3,2,16,0.3,0,0.3,0.3,0.3,0.37,0.01,0.38,0.37,0.38
437,Harry Wilson,"FW,MF",Fulham,28-230,1997,9,7,596,6.6,2,0,2,2,0,0,1,0,1.1,1.1,0.3,1.4,7,12,48,0.3,0,0.3,0.3,0.3,0.17,0.04,0.21,0.17,0.21
438,Ben Winterburn,MF,Bournemouth,21-064,2004,1,0,7,0.1,0,0,0,0,0,0,0,0,0,0,0,0,0,0,0,0,0,0,0,0,0,0,0,0,0
439,Florian Wirtz,"MF,FW",Liverpool,22-188,2003,10,6,607,6.7,0,0,0,0,0,0,1,0,1.2,1.2,1.1,2.3,20,45,48,0,0,0,0,0,0.18,0.17,0.35,0.18,0.35
440,Nick Woltemade,FW,Newcastle Utd,23-266,2002,7,7,522,5.8,4,0,4,3,1,1,0,0,3,2.2,0.3,2.5,4,9,22,0.69,0,0.69,0.52,0.52,0.52,0.04,0.56,0.38,0.43
441,Chris Wood,FW,Nott'ham Forest,33-335,1991,8,7,540,6,2,0,2,2,0,0,0,0,2.7,2.7,0.2,2.9,0,7,16,0.33,0,0.33,0.33,0.33,0.45,0.03,0.48,0.45,0.48
442,Joe Worrall,DF,Burnley,28-301,1997,4,0,22,0.2,0,0,0,0,0,0,0,0,0,0,0,0,0,1,1,0,0,0,0,0,0,0,0,0,0
443,Granit Xhaka,MF,Sunderland,33-041,1992,10,10,900,10,1,3,4,1,0,0,3,0,0.4,0.4,1.5,1.9,6,61,10,0.1,0.3,0.4,0.1,0.4,0.04,0.15,0.19,0.04,0.19
444,Yehor Yarmoliuk,MF,Brentford,21-251,2004,10,10,786,8.7,0,1,1,0,0,0,1,0,0.2,0.2,0.3,0.6,11,30,7,0,0.11,0.11,0,0.11,0.03,0.04,0.07,0.03,0.07
445,Ryan Yates,MF,Nott'ham Forest,27-351,1997,6,1,213,2.4,0,1,1,0,0,0,1,0,0,0,0.1,0.2,1,11,1,0,0.42,0.42,0,0.42,0.01,0.06,0.07,0.01,0.07
446,Leny Yoro,DF,Manchester Utd,19-359,2005,10,7,623,6.9,0,0,0,0,0,0,0,0,0.3,0.3,0,0.3,5,27,3,0,0,0,0,0,0.04,0,0.04,0.04,0.04
447,Oleksandr Zinchenko,DF,Nott'ham Forest,28-327,1996,3,3,253,2.8,0,0,0,0,0,0,0,0,0,0,0.5,0.5,6,22,7,0,0,0,0,0,0.02,0.16,0.18,0.02,0.18
448,Joshua Zirkzee,"FW,MF",Manchester Utd,24-169,2001,4,0,86,1,0,0,0,0,0,0,0,0,0.8,0.8,0,0.8,0,4,5,0,0,0,0,0,0.81,0.05,0.86,0.81,0.86
449,Martin Zubimendi,MF,Arsenal,26-278,1999,10,9,847,9.4,2,0,2,2,0,0,1,0,0.3,0.3,0.7,0.9,9,57,8,0.21,0,0.21,0.21,0.21,0.03,0.07,0.1,0.03,0.1
450,Martin Odegaard,MF,Arsenal,26-325,1998,6,4,203,2.3,0,1,1,0,0,0,0,0,0.1,0.1,0.5,0.6,10,26,5,0,0.44,0.44,0,0.44,0.06,0.2,0.27,0.06,0.27
